<bugreport>

<bugtypeid>100</bugtypeid>

<event>
<index>1</index>
<type>StartAnalysis</type>
<location>
<file>/home/ben/CAnalyze_volce/preprocess/http-parser/test.c</file>
<line>3539</line>
<column><begin>1</begin><end>28</end></column>
</location>
<description>Start Analysis.</description>
</event>

<event>
<index>2</index>
<type>Branch</type>
<location>
<file>/home/ben/CAnalyze_volce/preprocess/http-parser/test.c</file>
<line>3542</line>
<column><begin>29</begin><end>32</end></column>
</location>
<description>Take the false branch.</description>
<expr>req</expr>
</event>

<event>
<index>3</index>
<type>Call</type>
<location>
<file>/home/ben/CAnalyze_volce/preprocess/http-parser/test.c</file>
<line>3542</line>
<column><begin>3</begin><end>19</end></column>
</location>
<description>Call a function.</description>
<expr>http_parser_init(&amp;parser, req ? HTTP_REQUEST : HTTP_RESPONSE)</expr>
<callee>
  <file>/home/ben/CAnalyze_volce/preprocess/http-parser/http_parser.c</file>
  <line>2117</line>
</callee>
</event>

<event>
<index>4</index>
<type>InlineEnter</type>
<location>
<file>/home/ben/CAnalyze_volce/preprocess/http-parser/http_parser.c</file>
<line>2117</line>
<column><begin>1</begin><end>17</end></column>
</location>
<description>Enter function.</description>
<expr>http_parser_init(&amp;parser, req ? HTTP_REQUEST : HTTP_RESPONSE)</expr>
</event>

<event>
<index>5</index>
<type>Call</type>
<location>
<file>/home/ben/CAnalyze_volce/preprocess/http-parser/http_parser.c</file>
<line>2120</line>
<column><begin>3</begin><end>9</end></column>
</location>
<description>Call a function.</description>
<expr>memset(parser, 0, sizeof (*parser))</expr>
<callee>
  <file>/usr/include/string.h</file>
  <line>60</line>
</callee>
</event>

<event>
<index>6</index>
<type>Trigger</type>
<location>
<file>/home/ben/CAnalyze_volce/preprocess/http-parser/http_parser.c</file>
<line>2121</line>
<column><begin>18</begin><end>22</end></column>
</location>
<description>The operand has undefined value.</description>
<expr>parser-&gt;data = data</expr>
</event>

</bugreport>

