<bugreport>

<bugtypeid>112</bugtypeid>

<event>
<index>1</index>
<type>StartAnalysis</type>
<location>
<file>/home/ben/CAnalyze_volce/preprocess/http-parser/test.c</file>
<line>4016</line>
<column><begin>1</begin><end>29</end></column>
</location>
<description>Start Analysis.</description>
</event>

<event>
<index>2</index>
<type>Call</type>
<location>
<file>/home/ben/CAnalyze_volce/preprocess/http-parser/test.c</file>
<line>4020</line>
<column><begin>24</begin><end>30</end></column>
</location>
<description>Call a function.</description>
<expr>strlen(headers)</expr>
<callee>
  <file>/usr/include/string.h</file>
  <line>384</line>
</callee>
</event>

<event>
<index>3</index>
<type>Call</type>
<location>
<file>/home/ben/CAnalyze_volce/preprocess/http-parser/test.c</file>
<line>4022</line>
<column><begin>16</begin><end>22</end></column>
</location>
<description>Call a function.</description>
<expr>malloc(bufsize)</expr>
<callee>
  <file>/usr/include/stdlib.h</file>
  <line>539</line>
</callee>
</event>

<event>
<index>4</index>
<type>Trigger</type>
<location>
<file>/home/ben/CAnalyze_volce/preprocess/http-parser/test.c</file>
<line>4024</line>
<column><begin>10</begin><end>13</end></column>
</location>
<description>NULL pointer passed as an argument to a nonnull parameter.</description>
<expr>buf</expr>
</event>

</bugreport>

