<bugreport>

<bugtypeid>117</bugtypeid>

<event>
<index>1</index>
<type>StartAnalysis</type>
<location>
<file>/home/ben/CAnalyze_volce/preprocess/http-parser/test.c</file>
<line>2476</line>
<column><begin>8</begin><end>19</end></column>
</location>
<description>Start Analysis.</description>
</event>

<event>
<index>2</index>
<type>Call</type>
<location>
<file>/home/ben/CAnalyze_volce/preprocess/http-parser/test.c</file>
<line>2483</line>
<column><begin>13</begin><end>32</end></column>
</location>
<description>Call a function.</description>
<expr>http_parser_execute(&amp;parser, current_pause_parser, buf, len)</expr>
<callee>
  <file>/home/ben/CAnalyze_volce/preprocess/http-parser/http_parser.c</file>
  <line>634</line>
</callee>
</event>

<event>
<index>3</index>
<type>InlineEnter</type>
<location>
<file>/home/ben/CAnalyze_volce/preprocess/http-parser/http_parser.c</file>
<line>634</line>
<column><begin>8</begin><end>27</end></column>
</location>
<description>Enter function.</description>
<expr>http_parser_execute(&amp;parser, current_pause_parser, buf, len)</expr>
</event>

<event>
<index>4</index>
<type>Branch</type>
<location>
<file>/home/ben/CAnalyze_volce/preprocess/http-parser/http_parser.c</file>
<line>652</line>
<column><begin>7</begin><end>57</end></column>
</location>
<description>Take the true branch.</description>
<expr>((enum http_errno)(parser)-&gt;http_errno) != HPE_OK</expr>
</event>

<event>
<index>5</index>
<type>InlineExit</type>
<location>
<file>/home/ben/CAnalyze_volce/preprocess/http-parser/http_parser.c</file>
<line>2053</line>
<column><begin>1</begin><end>2</end></column>
</location>
<description>Exit function.</description>
<expr>http_parser_execute(&amp;parser, current_pause_parser, buf, len)</expr>
</event>

<event>
<index>6</index>
<type>Trigger</type>
<location>
<file>/home/ben/CAnalyze_volce/preprocess/http-parser/test.c</file>
<line>90</line>
<column><begin>1</begin><end>50</end></column>
</location>
<description>Invalid stack address was saved into a global variable.</description>
</event>

</bugreport>

