Ace/blockmap_05_02.net.cnf,9.745,11,1.32E+07,82
Ace/blockmap_05_02.net.cnf,12.432,11,2.65E+07,88
Ace/blockmap_05_02.net.cnf,10.605,10,1.54E+07,70
Ace/blockmap_05_02.net.cnf,12.848,12,1.16E+07,82
Ace/blockmap_05_02.net.cnf,12.315,10,7.69E+06,75
Ace/blockmap_05_02.net.cnf,11.976,11,1.32E+07,83
Ace/blockmap_05_02.net.cnf,11.67,11,2.65E+07,88
Ace/blockmap_05_02.net.cnf,10.769,11,6.61E+06,83
Ace/blockmap_05_02.net.cnf,10.267,10,1.54E+07,79
Ace/blockmap_05_02.net.cnf,15.654,13,1.04E+07,101
Ace/blockmap_05_02.net.cnf,10.074,11,1.32E+07,89
Ace/blockmap_05_02.net.cnf,12.004,10,7.69E+06,80
Ace/blockmap_05_02.net.cnf,11.003,10,1.01E+07,73
Ace/blockmap_05_02.net.cnf,12.866,12,5.81E+06,91
Ace/blockmap_05_02.net.cnf,11.971,12,1.16E+07,89
Ace/blockmap_05_02.net.cnf,11.93,11,6.61E+06,74
Ace/blockmap_05_02.net.cnf,8.874,10,7.69E+06,75
Ace/blockmap_05_02.net.cnf,10.313,10,3.07E+07,74
Ace/blockmap_05_02.net.cnf,13.429,12,1.16E+07,87
Ace/blockmap_05_02.net.cnf,11.381,10,1.54E+07,77
Ace/blockmap_05_02.net.cnf,15.618,15,9.22E+06,103
Ace/blockmap_05_02.net.cnf,17.029,13,6.49E+06,87
Ace/blockmap_05_02.net.cnf,13.699,11,1.32E+07,85
Ace/blockmap_05_02.net.cnf,10.112,10,7.69E+06,74
Ace/blockmap_05_02.net.cnf,11.348,10,7.69E+06,76
Ace/blockmap_05_02.net.cnf,14.968,14,1.05E+07,99
Ace/blockmap_05_02.net.cnf,13.186,12,1.16E+07,92
Ace/blockmap_05_02.net.cnf,12.132,10,2.02E+07,77
Ace/blockmap_05_02.net.cnf,11.855,10,7.69E+06,80
Ace/blockmap_05_02.net.cnf,14.089,11,1.32E+07,82
Ace/blockmap_05_02.net.cnf,11.292,10,7.69E+06,74
Ace/blockmap_05_02.net.cnf,13.823,12,1.16E+07,89
Ace/blockmap_05_02.net.cnf,11.477,11,6.61E+06,82
Ace/blockmap_05_02.net.cnf,8.94,10,1.54E+07,77
Ace/blockmap_05_02.net.cnf,18.154,17,7.30E+06,118
Ace/blockmap_05_02.net.cnf,10.598,10,7.69E+06,82
Ace/blockmap_05_02.net.cnf,13.857,11,6.61E+06,82
Ace/blockmap_05_02.net.cnf,11.952,10,7.69E+06,79
Ace/blockmap_05_02.net.cnf,11.51,11,6.61E+06,93
Ace/blockmap_05_02.net.cnf,12.963,11,1.32E+07,89
Ace/blockmap_05_02.net.cnf,11.425,11,6.61E+06,87
Ace/blockmap_05_02.net.cnf,15.065,13,6.49E+06,101
Ace/blockmap_05_02.net.cnf,14.047,13,1.04E+07,96
Ace/blockmap_05_02.net.cnf,10.733,10,1.01E+07,74
Ace/blockmap_05_02.net.cnf,11.473,11,1.70E+07,76
Ace/blockmap_05_02.net.cnf,10.825,10,7.69E+06,77
Ace/blockmap_05_02.net.cnf,22.829,18,5.46E+06,126
Ace/blockmap_05_02.net.cnf,11.415,11,1.32E+07,86
Ace/blockmap_05_02.net.cnf,11.812,11,6.61E+06,84
Ace/blockmap_05_02.net.cnf,15.196,12,5.81E+06,94
Ace/blockmap_05_02.net.cnf,8.945,10,1.54E+07,80
Ace/blockmap_05_02.net.cnf,15.19,14,9.39E+06,99
Ace/blockmap_05_02.net.cnf,11.757,13,6.49E+06,88
Ace/blockmap_05_02.net.cnf,13.826,13,6.49E+06,97
Ace/blockmap_05_02.net.cnf,12.691,12,1.16E+07,90
Ace/blockmap_05_02.net.cnf,20.83,17,7.30E+06,119
Ace/blockmap_05_02.net.cnf,10.691,11,2.65E+07,78
Ace/blockmap_05_02.net.cnf,10.221,10,1.54E+07,82
Ace/blockmap_05_02.net.cnf,13.607,12,5.81E+06,74
Ace/blockmap_05_02.net.cnf,11.81,13,1.04E+07,94
Ace/blockmap_05_02.net.cnf,16.922,16,1.65E+07,106
Ace/blockmap_05_02.net.cnf,15.451,14,1.42E+07,94
Ace/blockmap_05_02.net.cnf,12.987,11,6.61E+06,81
Ace/blockmap_05_02.net.cnf,11.666,12,1.16E+07,101
Ace/blockmap_05_02.net.cnf,12.93,13,5.19E+06,87
Ace/blockmap_05_02.net.cnf,19.62,17,8.74E+06,115
Ace/blockmap_05_02.net.cnf,16.609,17,7.30E+06,118
Ace/blockmap_05_02.net.cnf,11.105,10,1.54E+07,74
Ace/blockmap_05_02.net.cnf,12.423,10,2.02E+07,77
Ace/blockmap_05_02.net.cnf,11.516,11,1.32E+07,84
Ace/blockmap_05_02.net.cnf,19.889,18,5.46E+06,114
Ace/blockmap_05_02.net.cnf,11.224,12,1.16E+07,94
Ace/blockmap_05_02.net.cnf,10.124,10,1.54E+07,73
Ace/blockmap_05_02.net.cnf,10.942,10,7.69E+06,78
Ace/blockmap_05_02.net.cnf,12.359,11,6.61E+06,75
Ace/blockmap_05_02.net.cnf,12.621,12,2.33E+07,100
Ace/blockmap_05_02.net.cnf,12.72,11,6.61E+06,87
Ace/blockmap_05_02.net.cnf,12.982,12,2.33E+07,102
Ace/blockmap_05_02.net.cnf,10.587,11,8.49E+06,82
Ace/blockmap_05_02.net.cnf,11.275,11,6.61E+06,78
Ace/blockmap_05_02.net.cnf,11.944,12,1.16E+07,100
Ace/blockmap_05_02.net.cnf,11.294,10,7.69E+06,77
Ace/blockmap_05_02.net.cnf,12.017,10,7.69E+06,83
Ace/blockmap_05_02.net.cnf,12.291,12,5.81E+06,85
Ace/blockmap_05_02.net.cnf,14.71,12,1.47E+07,93
Ace/blockmap_05_02.net.cnf,13.057,12,5.81E+06,83
Ace/blockmap_05_02.net.cnf,13.208,12,5.81E+06,100
Ace/blockmap_05_02.net.cnf,10.841,12,1.16E+07,87
Ace/blockmap_05_02.net.cnf,12.316,10,1.54E+07,73
Ace/blockmap_05_02.net.cnf,11.463,11,2.65E+07,88
Ace/blockmap_05_02.net.cnf,13.23,12,7.34E+06,86
Ace/blockmap_05_02.net.cnf,9.395,10,3.07E+07,73
Ace/blockmap_05_02.net.cnf,11.406,11,1.32E+07,84
Ace/blockmap_05_02.net.cnf,11.673,11,1.32E+07,89
Ace/blockmap_05_02.net.cnf,16.332,15,8.57E+06,109
Ace/blockmap_05_02.net.cnf,13.23,12,5.81E+06,94
Ace/blockmap_05_02.net.cnf,9.678,10,7.69E+06,78
Ace/blockmap_05_02.net.cnf,12.831,11,1.32E+07,85
Ace/blockmap_05_02.net.cnf,16.68,18,1.36E+07,121
Ace/blockmap_05_02.net.cnf,14.446,14,9.39E+06,97
,12.7311,11.78,,87.67
