Ace/blockmap_05_01.net.cnf,1.151,10,937.823,73
Ace/blockmap_05_01.net.cnf,1.188,13,488.744,79
Ace/blockmap_05_01.net.cnf,1.135,10,937.823,76
Ace/blockmap_05_01.net.cnf,1.139,11,806.986,69
Ace/blockmap_05_01.net.cnf,1.178,12,709.436,70
Ace/blockmap_05_01.net.cnf,0.973,15,1124.43,90
Ace/blockmap_05_01.net.cnf,1.17,13,977.966,81
Ace/blockmap_05_01.net.cnf,0.957,11,1614.37,58
Ace/blockmap_05_01.net.cnf,0.852,14,572.767,86
Ace/blockmap_05_01.net.cnf,0.852,10,468.683,65
Ace/blockmap_05_01.net.cnf,1.445,12,1419.22,74
Ace/blockmap_05_01.net.cnf,1.501,13,633.587,84
Ace/blockmap_05_01.net.cnf,1.262,12,709.436,66
Ace/blockmap_05_01.net.cnf,0.926,11,806.986,73
Ace/blockmap_05_01.net.cnf,1.056,15,1045.92,80
Ace/blockmap_05_01.net.cnf,1.339,11,403.296,58
Ace/blockmap_05_01.net.cnf,1.065,10,937.823,63
Ace/blockmap_05_01.net.cnf,1.083,12,709.436,66
Ace/blockmap_05_01.net.cnf,1.13,11,806.986,68
Ace/blockmap_05_01.net.cnf,0.856,16,481.049,94
Ace/blockmap_05_01.net.cnf,0.985,10,937.823,73
Ace/blockmap_05_01.net.cnf,0.865,10,937.823,66
Ace/blockmap_05_01.net.cnf,1.038,12,709.436,78
Ace/blockmap_05_01.net.cnf,1.025,11,1614.37,69
Ace/blockmap_05_01.net.cnf,1.715,12,709.436,80
Ace/blockmap_05_01.net.cnf,1.167,11,806.986,74
Ace/blockmap_05_01.net.cnf,1.231,11,806.986,62
Ace/blockmap_05_01.net.cnf,0.845,10,823.227,62
Ace/blockmap_05_01.net.cnf,1.201,11,806.986,73
Ace/blockmap_05_01.net.cnf,1.038,12,354.545,79
Ace/blockmap_05_01.net.cnf,1.024,11,403.296,65
Ace/blockmap_05_01.net.cnf,1.088,14,867.209,81
Ace/blockmap_05_01.net.cnf,0.988,16,481.049,98
Ace/blockmap_05_01.net.cnf,1.003,10,468.683,66
Ace/blockmap_05_01.net.cnf,0.861,13,1267.48,90
Ace/blockmap_05_01.net.cnf,0.97,10,468.683,62
Ace/blockmap_05_01.net.cnf,1.69,11,403.296,70
Ace/blockmap_05_01.net.cnf,0.857,12,561.94,76
Ace/blockmap_05_01.net.cnf,1.3,12,1419.22,78
Ace/blockmap_05_01.net.cnf,1.08,12,709.436,70
Ace/blockmap_05_01.net.cnf,1.071,10,937.823,61
Ace/blockmap_05_01.net.cnf,1.247,10,468.683,58
Ace/blockmap_05_01.net.cnf,0.85,12,354.545,63
Ace/blockmap_05_01.net.cnf,1.057,12,1419.22,74
Ace/blockmap_05_01.net.cnf,0.989,10,1232.27,62
Ace/blockmap_05_01.net.cnf,0.896,11,806.986,67
Ace/blockmap_05_01.net.cnf,0.986,10,468.683,61
Ace/blockmap_05_01.net.cnf,1.103,13,316.638,77
Ace/blockmap_05_01.net.cnf,1.91,13,1267.48,79
Ace/blockmap_05_01.net.cnf,1.651,14,1145.81,84
Ace/blockmap_05_01.net.cnf,0.778,11,403.296,72
Ace/blockmap_05_01.net.cnf,1.383,12,709.436,72
Ace/blockmap_05_01.net.cnf,1.738,11,403.296,74
Ace/blockmap_05_01.net.cnf,0.81,11,806.986,71
Ace/blockmap_05_01.net.cnf,1.299,13,633.587,91
Ace/blockmap_05_01.net.cnf,1.169,11,806.986,69
Ace/blockmap_05_01.net.cnf,0.96,12,709.436,74
Ace/blockmap_05_01.net.cnf,0.841,12,709.436,81
Ace/blockmap_05_01.net.cnf,0.795,13,316.638,74
Ace/blockmap_05_01.net.cnf,1.156,17,445.548,100
Ace/blockmap_05_01.net.cnf,1.209,14,572.767,89
Ace/blockmap_05_01.net.cnf,0.772,11,403.296,72
Ace/blockmap_05_01.net.cnf,0.975,15,522.83,87
Ace/blockmap_05_01.net.cnf,1.261,12,709.436,73
Ace/blockmap_05_01.net.cnf,0.795,16,481.049,109
Ace/blockmap_05_01.net.cnf,0.846,12,709.436,76
Ace/blockmap_05_01.net.cnf,1.196,12,709.436,72
Ace/blockmap_05_01.net.cnf,0.944,11,1035.37,55
Ace/blockmap_05_01.net.cnf,1.005,12,709.436,79
Ace/blockmap_05_01.net.cnf,0.845,12,1419.22,76
Ace/blockmap_05_01.net.cnf,1.237,15,522.83,82
Ace/blockmap_05_01.net.cnf,0.999,10,615.832,62
Ace/blockmap_05_01.net.cnf,0.786,11,403.296,59
Ace/blockmap_05_01.net.cnf,1.045,10,937.823,64
Ace/blockmap_05_01.net.cnf,0.921,11,403.296,73
Ace/blockmap_05_01.net.cnf,0.77,11,806.986,59
Ace/blockmap_05_01.net.cnf,0.891,12,709.436,75
Ace/blockmap_05_01.net.cnf,1.153,11,806.986,73
Ace/blockmap_05_01.net.cnf,1.244,15,522.83,93
Ace/blockmap_05_01.net.cnf,1.081,12,1419.22,86
Ace/blockmap_05_01.net.cnf,1.118,16,594.951,96
Ace/blockmap_05_01.net.cnf,1.567,16,1003.88,87
Ace/blockmap_05_01.net.cnf,1.07,14,572.767,85
Ace/blockmap_05_01.net.cnf,0.967,12,709.436,81
Ace/blockmap_05_01.net.cnf,1.029,11,806.986,69
Ace/blockmap_05_01.net.cnf,1.314,13,633.587,91
Ace/blockmap_05_01.net.cnf,1.175,11,1329.82,65
Ace/blockmap_05_01.net.cnf,1.17,10,468.683,55
Ace/blockmap_05_01.net.cnf,1.309,10,468.683,60
Ace/blockmap_05_01.net.cnf,1.163,11,806.986,72
Ace/blockmap_05_01.net.cnf,0.955,14,1145.81,92
Ace/blockmap_05_01.net.cnf,1.295,12,1792.52,53
Ace/blockmap_05_01.net.cnf,1.099,11,517.434,67
Ace/blockmap_05_01.net.cnf,0.79,11,403.296,64
Ace/blockmap_05_01.net.cnf,0.957,12,1124.43,67
Ace/blockmap_05_01.net.cnf,0.753,10,468.683,71
Ace/blockmap_05_01.net.cnf,0.76,10,937.823,70
Ace/blockmap_05_01.net.cnf,0.758,12,709.436,71
Ace/blockmap_05_01.net.cnf,0.888,13,633.587,79
Ace/blockmap_05_01.net.cnf,0.855,12,447.802,61
,1.07885,11.97,,73.79
