Ace/blockmap_10_01.net.cnf,89.035,13,2.60E+06,87
Ace/blockmap_10_01.net.cnf,82.642,12,2.91E+06,83
Ace/blockmap_10_01.net.cnf,82.044,13,1.30E+06,87
Ace/blockmap_10_01.net.cnf,93.447,14,2.35E+06,88
Ace/blockmap_10_01.net.cnf,96.131,14,4.69E+06,98
Ace/blockmap_10_01.net.cnf,66.101,10,5.05E+06,75
Ace/blockmap_10_01.net.cnf,70.983,12,1.45E+06,94
Ace/blockmap_10_01.net.cnf,81.543,12,3.67E+06,81
Ace/blockmap_10_01.net.cnf,80.383,12,2.91E+06,86
Ace/blockmap_10_01.net.cnf,74.887,12,1.45E+06,87
Ace/blockmap_10_01.net.cnf,87.006,13,4.01E+06,93
Ace/blockmap_10_01.net.cnf,73.725,11,6.61E+06,79
Ace/blockmap_10_01.net.cnf,67.349,10,3.84E+06,78
Ace/blockmap_10_01.net.cnf,70.499,10,1.92E+06,70
Ace/blockmap_10_01.net.cnf,83.555,12,5.81E+06,79
Ace/blockmap_10_01.net.cnf,80.155,12,4.61E+06,87
Ace/blockmap_10_01.net.cnf,89.918,13,2.60E+06,91
Ace/blockmap_10_01.net.cnf,92.94,14,2.35E+06,108
Ace/blockmap_10_01.net.cnf,70.512,11,3.31E+06,84
Ace/blockmap_10_01.net.cnf,77.347,12,2.91E+06,90
Ace/blockmap_10_01.net.cnf,72.289,11,3.31E+06,84
Ace/blockmap_10_01.net.cnf,67.531,10,7.69E+06,72
Ace/blockmap_10_01.net.cnf,69.142,10,3.84E+06,72
Ace/blockmap_10_01.net.cnf,61.76,10,1.92E+06,79
Ace/blockmap_10_01.net.cnf,70.536,10,3.84E+06,77
Ace/blockmap_10_01.net.cnf,113.596,16,1.97E+06,100
Ace/blockmap_10_01.net.cnf,77.47,12,2.30E+06,82
Ace/blockmap_10_01.net.cnf,84.08,12,2.91E+06,79
Ace/blockmap_10_01.net.cnf,107.459,17,1.83E+06,118
Ace/blockmap_10_01.net.cnf,63.126,10,5.05E+06,77
Ace/blockmap_10_01.net.cnf,89.784,13,3.24E+06,87
Ace/blockmap_10_01.net.cnf,82.286,12,1.84E+06,77
Ace/blockmap_10_01.net.cnf,82.133,12,5.81E+06,95
Ace/blockmap_10_01.net.cnf,70.534,11,3.31E+06,90
Ace/blockmap_10_01.net.cnf,81.434,11,4.24E+06,73
Ace/blockmap_10_01.net.cnf,83.785,12,2.91E+06,83
Ace/blockmap_10_01.net.cnf,63.786,10,3.84E+06,75
Ace/blockmap_10_01.net.cnf,87.329,13,2.60E+06,93
Ace/blockmap_10_01.net.cnf,81.332,12,5.81E+06,85
Ace/blockmap_10_01.net.cnf,83.444,12,2.91E+06,83
Ace/blockmap_10_01.net.cnf,65.662,10,1.92E+06,73
Ace/blockmap_10_01.net.cnf,78.579,12,2.91E+06,82
Ace/blockmap_10_01.net.cnf,68.221,11,3.31E+06,88
Ace/blockmap_10_01.net.cnf,67.808,10,3.84E+06,78
Ace/blockmap_10_01.net.cnf,71.587,11,3.31E+06,78
Ace/blockmap_10_01.net.cnf,87.177,13,4.01E+06,84
Ace/blockmap_10_01.net.cnf,81.577,12,5.81E+06,87
Ace/blockmap_10_01.net.cnf,91.318,13,2.60E+06,85
Ace/blockmap_10_01.net.cnf,76.589,10,1.01E+07,69
Ace/blockmap_10_01.net.cnf,91.335,13,4.01E+06,78
Ace/blockmap_10_01.net.cnf,81.493,12,2.91E+06,83
Ace/blockmap_10_01.net.cnf,75.833,11,1.65E+06,71
Ace/blockmap_10_01.net.cnf,81.079,12,2.91E+06,82
Ace/blockmap_10_01.net.cnf,83.389,12,2.91E+06,85
Ace/blockmap_10_01.net.cnf,88.578,13,4.01E+06,85
Ace/blockmap_10_01.net.cnf,74.081,11,4.24E+06,74
Ace/blockmap_10_01.net.cnf,74.272,12,2.91E+06,96
Ace/blockmap_10_01.net.cnf,64.698,10,3.84E+06,75
Ace/blockmap_10_01.net.cnf,70.41,11,3.31E+06,80
Ace/blockmap_10_01.net.cnf,102.002,14,4.69E+06,88
Ace/blockmap_10_01.net.cnf,61.117,10,1.92E+06,72
Ace/blockmap_10_01.net.cnf,74.796,11,3.31E+06,87
Ace/blockmap_10_01.net.cnf,75.687,11,1.65E+06,80
Ace/blockmap_10_01.net.cnf,69.108,10,7.69E+06,74
Ace/blockmap_10_01.net.cnf,80.917,12,2.91E+06,88
Ace/blockmap_10_01.net.cnf,73.68,12,2.91E+06,98
Ace/blockmap_10_01.net.cnf,77.692,12,2.91E+06,87
Ace/blockmap_10_01.net.cnf,101.959,16,1.97E+06,121
Ace/blockmap_10_01.net.cnf,100.552,15,2.14E+06,99
Ace/blockmap_10_01.net.cnf,72.833,10,3.84E+06,66
Ace/blockmap_10_01.net.cnf,84.163,12,1.16E+07,87
Ace/blockmap_10_01.net.cnf,79.918,12,3.67E+06,88
Ace/blockmap_10_01.net.cnf,75.425,12,2.91E+06,91
Ace/blockmap_10_01.net.cnf,67.399,10,3.84E+06,69
Ace/blockmap_10_01.net.cnf,64.126,10,1.92E+06,74
Ace/blockmap_10_01.net.cnf,65.778,10,1.92E+06,72
Ace/blockmap_10_01.net.cnf,76.049,12,2.91E+06,84
Ace/blockmap_10_01.net.cnf,91.974,13,1.04E+07,92
Ace/blockmap_10_01.net.cnf,71.715,10,3.84E+06,74
Ace/blockmap_10_01.net.cnf,75.475,11,3.31E+06,72
Ace/blockmap_10_01.net.cnf,75.534,11,3.31E+06,76
Ace/blockmap_10_01.net.cnf,73.727,11,3.31E+06,77
Ace/blockmap_10_01.net.cnf,67.218,10,1.01E+07,77
Ace/blockmap_10_01.net.cnf,82.313,12,5.81E+06,87
Ace/blockmap_10_01.net.cnf,121.508,18,2.73E+06,122
Ace/blockmap_10_01.net.cnf,90.573,13,3.24E+06,95
Ace/blockmap_10_01.net.cnf,68.381,10,3.84E+06,66
Ace/blockmap_10_01.net.cnf,65.282,10,7.69E+06,80
Ace/blockmap_10_01.net.cnf,78.268,12,2.91E+06,86
Ace/blockmap_10_01.net.cnf,101.021,14,2.35E+06,92
Ace/blockmap_10_01.net.cnf,71.428,10,3.84E+06,74
Ace/blockmap_10_01.net.cnf,94.506,14,2.35E+06,94
Ace/blockmap_10_01.net.cnf,112.347,18,1.36E+06,120
Ace/blockmap_10_01.net.cnf,88.173,13,2.60E+06,82
Ace/blockmap_10_01.net.cnf,72.924,11,3.31E+06,87
Ace/blockmap_10_01.net.cnf,118.087,17,1.83E+06,114
Ace/blockmap_10_01.net.cnf,75.398,12,2.91E+06,93
Ace/blockmap_10_01.net.cnf,81.813,12,2.91E+06,88
Ace/blockmap_10_01.net.cnf,93.605,14,2.35E+06,95
Ace/blockmap_10_01.net.cnf,75.342,12,2.91E+06,93
,80.26537,11.96,,85
