<bugreport>

<bugtypeid>100</bugtypeid>

<event>
<index>1</index>
<type>StartAnalysis</type>
<location>
<file>/home/ben/CAnalyze_volce/preprocess/gjk.c/gjk.c</file>
<line>18</line>
<column><begin>6</begin><end>12</end></column>
</location>
<description>Start Analysis.</description>
</event>

<event>
<index>2</index>
<type>Trigger</type>
<location>
<file>/home/ben/CAnalyze_volce/preprocess/gjk.c/gjk.c</file>
<line>18</line>
<column><begin>43</begin><end>46</end></column>
</location>
<description>The operand has undefined value.</description>
<expr>-v.y</expr>
</event>

</bugreport>

