<bugreport>

<bugtypeid>106</bugtypeid>

<event>
<index>1</index>
<type>StartAnalysis</type>
<location>
<file>/home/ben/CAnalyze_volce/preprocess/SimpleXML/simple_xml.c</file>
<line>100</line>
<column><begin>19</begin><end>35</end></column>
</location>
<description>Start Analysis.</description>
</event>

<event>
<index>2</index>
<type>Call</type>
<location>
<file>/home/ben/CAnalyze_volce/preprocess/SimpleXML/simple_xml.c</file>
<line>101</line>
<column><begin>7</begin><end>13</end></column>
</location>
<description>Call a function.</description>
<expr>malloc(sizeof(XMLParser))</expr>
<callee>
  <file>/usr/include/stdlib.h</file>
  <line>539</line>
</callee>
</event>

<event>
<index>3</index>
<type>Trigger</type>
<location>
<file>/home/ben/CAnalyze_volce/preprocess/SimpleXML/simple_xml.c</file>
<line>104</line>
<column><begin>32</begin><end>44</end></column>
</location>
<description>Function argument is an uninitialized value.</description>
<expr>p-&gt;tag_stack</expr>
</event>

</bugreport>

