<bugreport>

<bugtypeid>106</bugtypeid>

<event>
<index>1</index>
<type>StartAnalysis</type>
<location>
<file>/home/ben/CAnalyze_volce/preprocess/SimpleXML/simple_xml.c</file>
<line>13</line>
<column><begin>13</begin><end>30</end></column>
</location>
<description>Start Analysis.</description>
</event>

<event>
<index>2</index>
<type>Call</type>
<location>
<file>/home/ben/CAnalyze_volce/preprocess/SimpleXML/simple_xml.c</file>
<line>14</line>
<column><begin>7</begin><end>13</end></column>
</location>
<description>Call a function.</description>
<expr>malloc(sizeof(XMLElement))</expr>
<callee>
  <file>/usr/include/stdlib.h</file>
  <line>539</line>
</callee>
</event>

<event>
<index>3</index>
<type>Trigger</type>
<location>
<file>/home/ben/CAnalyze_volce/preprocess/SimpleXML/simple_xml.c</file>
<line>18</line>
<column><begin>31</begin><end>42</end></column>
</location>
<description>Function argument is an uninitialized value.</description>
<expr>e-&gt;children</expr>
</event>

</bugreport>

