<bugreport>

<bugtypeid>106</bugtypeid>

<event>
<index>1</index>
<type>StartAnalysis</type>
<location>
<file>/home/ben/CAnalyze_volce/preprocess/SimpleXML/test.c</file>
<line>7</line>
<column><begin>6</begin><end>17</end></column>
</location>
<description>Start Analysis.</description>
</event>

<event>
<index>2</index>
<type>Trigger</type>
<location>
<file>/home/ben/CAnalyze_volce/preprocess/SimpleXML/test.c</file>
<line>15</line>
<column><begin>21</begin><end>22</end></column>
</location>
<description>Function argument is an uninitialized value.</description>
<expr>v</expr>
</event>

</bugreport>

