<bugreport>

<bugtypeid>106</bugtypeid>

<event>
<index>1</index>
<type>StartAnalysis</type>
<location>
<file>/home/ben/CAnalyze_volce/preprocess/SimpleXML/simple_xml.c</file>
<line>222</line>
<column><begin>13</begin><end>32</end></column>
</location>
<description>Start Analysis.</description>
</event>

<event>
<index>2</index>
<type>Trigger</type>
<location>
<file>/home/ben/CAnalyze_volce/preprocess/SimpleXML/simple_xml.c</file>
<line>226</line>
<column><begin>29</begin><end>35</end></column>
</location>
<description>Function argument is an uninitialized value.</description>
<expr>parser</expr>
</event>

</bugreport>

