<bugreport>

<bugtypeid>110</bugtypeid>

<event>
<index>1</index>
<type>StartAnalysis</type>
<location>
<file>/home/ben/CAnalyze_volce/preprocess/SimpleXML/simple_vector.c</file>
<line>105</line>
<column><begin>5</begin><end>27</end></column>
</location>
<description>Start Analysis.</description>
</event>

<event>
<index>2</index>
<type>Call</type>
<location>
<file>/home/ben/CAnalyze_volce/preprocess/SimpleXML/simple_vector.c</file>
<line>106</line>
<column><begin>3</begin><end>19</end></column>
</location>
<description>Call a function.</description>
<expr>vector_validated(v)</expr>
<callee>
  <file>/home/ben/CAnalyze_volce/preprocess/SimpleXML/simple_vector.c</file>
  <line>6</line>
</callee>
</event>

<event>
<index>3</index>
<type>InlineEnter</type>
<location>
<file>/home/ben/CAnalyze_volce/preprocess/SimpleXML/simple_vector.c</file>
<line>6</line>
<column><begin>13</begin><end>29</end></column>
</location>
<description>Enter function.</description>
<expr>vector_validated(v)</expr>
</event>

<event>
<index>4</index>
<type>Branch</type>
<location>
<file>/home/ben/CAnalyze_volce/preprocess/SimpleXML/simple_vector.c</file>
<line>7</line>
<column><begin>88</begin><end>103</end></column>
</location>
<description>Take the true branch.</description>
<expr>v != ((void *)0)</expr>
</event>

<event>
<index>5</index>
<type>Branch</type>
<location>
<file>/home/ben/CAnalyze_volce/preprocess/SimpleXML/simple_vector.c</file>
<line>7</line>
<column><begin>88</begin><end>123</end></column>
</location>
<description>Take the true branch.</description>
<expr>v != ((void *)0) &amp;&amp; "vector is NULL"</expr>
</event>

<event>
<index>6</index>
<type>InlineExit</type>
<location>
<file>/home/ben/CAnalyze_volce/preprocess/SimpleXML/simple_vector.c</file>
<line>8</line>
<column><begin>1</begin><end>2</end></column>
</location>
<description>Exit function.</description>
<expr>vector_validated(v)</expr>
</event>

<event>
<index>7</index>
<type>Branch</type>
<location>
<file>/home/ben/CAnalyze_volce/preprocess/SimpleXML/simple_vector.c</file>
<line>107</line>
<column><begin>108</begin><end>118</end></column>
</location>
<description>Take the true branch.</description>
<expr>index &gt;= 0</expr>
</event>

<event>
<index>8</index>
<type>Branch</type>
<location>
<file>/home/ben/CAnalyze_volce/preprocess/SimpleXML/simple_vector.c</file>
<line>107</line>
<column><begin>108</begin><end>139</end></column>
</location>
<description>Take the true branch.</description>
<expr>index &gt;= 0 &amp;&amp; index &lt;= v-&gt;_size</expr>
</event>

<event>
<index>9</index>
<type>Branch</type>
<location>
<file>/home/ben/CAnalyze_volce/preprocess/SimpleXML/simple_vector.c</file>
<line>107</line>
<column><begin>108</begin><end>163</end></column>
</location>
<description>Take the true branch.</description>
<expr>index &gt;= 0 &amp;&amp; index &lt;= v-&gt;_size &amp;&amp; "index of out range"</expr>
</event>

<event>
<index>10</index>
<type>Branch</type>
<location>
<file>/home/ben/CAnalyze_volce/preprocess/SimpleXML/simple_vector.c</file>
<line>111</line>
<column><begin>7</begin><end>31</end></column>
</location>
<description>Take the true branch.</description>
<expr>v-&gt;_size == v-&gt;_capacity</expr>
</event>

<event>
<index>11</index>
<type>Call</type>
<location>
<file>/home/ben/CAnalyze_volce/preprocess/SimpleXML/simple_vector.c</file>
<line>114</line>
<column><begin>16</begin><end>22</end></column>
</location>
<description>Call a function.</description>
<expr>calloc(v-&gt;_capacity, sizeof(void *))</expr>
<callee>
  <file>/usr/include/stdlib.h</file>
  <line>541</line>
</callee>
</event>

<event>
<index>12</index>
<type>Branch</type>
<location>
<file>/home/ben/CAnalyze_volce/preprocess/SimpleXML/simple_vector.c</file>
<line>115</line>
<column><begin>17</begin><end>29</end></column>
</location>
<description>Take the false branch.</description>
<expr>i &lt; v-&gt;_size</expr>
</event>

<event>
<index>13</index>
<type>Call</type>
<location>
<file>/home/ben/CAnalyze_volce/preprocess/SimpleXML/simple_vector.c</file>
<line>117</line>
<column><begin>5</begin><end>9</end></column>
</location>
<description>Call a function.</description>
<expr>free(old_data)</expr>
<callee>
  <file>/usr/include/stdlib.h</file>
  <line>563</line>
</callee>
</event>

<event>
<index>14</index>
<type>Branch</type>
<location>
<file>/home/ben/CAnalyze_volce/preprocess/SimpleXML/simple_vector.c</file>
<line>122</line>
<column><begin>22</begin><end>31</end></column>
</location>
<description>Take the true branch.</description>
<expr>i &gt; index</expr>
</event>

<event>
<index>15</index>
<type>Trigger</type>
<location>
<file>/home/ben/CAnalyze_volce/preprocess/SimpleXML/simple_vector.c</file>
<line>123</line>
<column><begin>5</begin><end>13</end></column>
</location>
<description>The pointer is NULL.</description>
<expr>v-&gt;_data</expr>
</event>

</bugreport>

