<bugreport>

<bugtypeid>110</bugtypeid>

<event>
<index>1</index>
<type>StartAnalysis</type>
<location>
<file>/home/ben/CAnalyze_volce/preprocess/SimpleXML/simple_xml.c</file>
<line>122</line>
<column><begin>18</begin><end>39</end></column>
</location>
<description>Start Analysis.</description>
</event>

<event>
<index>2</index>
<type>Call</type>
<location>
<file>/home/ben/CAnalyze_volce/preprocess/SimpleXML/simple_xml.c</file>
<line>126</line>
<column><begin>11</begin><end>17</end></column>
</location>
<description>Call a function.</description>
<expr>malloc(sizeof(XMLToken))</expr>
<callee>
  <file>/usr/include/stdlib.h</file>
  <line>539</line>
</callee>
</event>

<event>
<index>3</index>
<type>Trigger</type>
<location>
<file>/home/ben/CAnalyze_volce/preprocess/SimpleXML/simple_xml.c</file>
<line>127</line>
<column><begin>3</begin><end>8</end></column>
</location>
<description>The pointer is NULL.</description>
<expr>token</expr>
</event>

</bugreport>

