<bugreport>

<bugtypeid>110</bugtypeid>

<event>
<index>1</index>
<type>StartAnalysis</type>
<location>
<file>/home/ben/CAnalyze_volce/preprocess/SimpleXML/simple_vector.c</file>
<line>11</line>
<column><begin>9</begin><end>22</end></column>
</location>
<description>Start Analysis.</description>
</event>

<event>
<index>2</index>
<type>Call</type>
<location>
<file>/home/ben/CAnalyze_volce/preprocess/SimpleXML/simple_vector.c</file>
<line>12</line>
<column><begin>7</begin><end>13</end></column>
</location>
<description>Call a function.</description>
<expr>malloc(sizeof(Vector))</expr>
<callee>
  <file>/usr/include/stdlib.h</file>
  <line>539</line>
</callee>
</event>

<event>
<index>3</index>
<type>Trigger</type>
<location>
<file>/home/ben/CAnalyze_volce/preprocess/SimpleXML/simple_vector.c</file>
<line>13</line>
<column><begin>3</begin><end>4</end></column>
</location>
<description>The pointer is NULL.</description>
<expr>v</expr>
</event>

</bugreport>

