<bugreport>

<bugtypeid>112</bugtypeid>

<event>
<index>1</index>
<type>StartAnalysis</type>
<location>
<file>/home/ben/CAnalyze_volce/preprocess/SimpleXML/simple_xml.c</file>
<line>122</line>
<column><begin>18</begin><end>39</end></column>
</location>
<description>Start Analysis.</description>
</event>

<event>
<index>2</index>
<type>Call</type>
<location>
<file>/home/ben/CAnalyze_volce/preprocess/SimpleXML/simple_xml.c</file>
<line>126</line>
<column><begin>11</begin><end>17</end></column>
</location>
<description>Call a function.</description>
<expr>malloc(sizeof(XMLToken))</expr>
<callee>
  <file>/usr/include/stdlib.h</file>
  <line>539</line>
</callee>
</event>

<event>
<index>3</index>
<type>Branch</type>
<location>
<file>/home/ben/CAnalyze_volce/preprocess/SimpleXML/simple_xml.c</file>
<line>130</line>
<column><begin>10</begin><end>37</end></column>
</location>
<description>Take the false branch.</description>
<expr>parser-&gt;_input[from] == ' '</expr>
</event>

<event>
<index>4</index>
<type>Branch</type>
<location>
<file>/home/ben/CAnalyze_volce/preprocess/SimpleXML/simple_xml.c</file>
<line>131</line>
<column><begin>10</begin><end>35</end></column>
</location>
<description>Take the false branch.</description>
<expr>parser-&gt;_input[to] == ' '</expr>
</event>

<event>
<index>5</index>
<type>Branch</type>
<location>
<file>/home/ben/CAnalyze_volce/preprocess/SimpleXML/simple_xml.c</file>
<line>136</line>
<column><begin>7</begin><end>17</end></column>
</location>
<description>Take the true branch.</description>
<expr>to &gt;= from</expr>
</event>

<event>
<index>6</index>
<type>Call</type>
<location>
<file>/home/ben/CAnalyze_volce/preprocess/SimpleXML/simple_xml.c</file>
<line>138</line>
<column><begin>27</begin><end>33</end></column>
</location>
<description>Call a function.</description>
<expr>malloc(sizeof(char) * (str_size + 1))</expr>
<callee>
  <file>/usr/include/stdlib.h</file>
  <line>539</line>
</callee>
</event>

<event>
<index>7</index>
<type>Trigger</type>
<location>
<file>/home/ben/CAnalyze_volce/preprocess/SimpleXML/simple_xml.c</file>
<line>139</line>
<column><begin>13</begin><end>24</end></column>
</location>
<description>NULL pointer passed as an argument to a nonnull parameter.</description>
<expr>token-&gt;data</expr>
</event>

</bugreport>

