<summary>
<time>
<total>32.797ms</total>
<begin>Thu Mar 12 21:37:04 2020
</begin>
<end>Thu Mar 12 21:37:37 2020
</end>
</time>
<reports>
<report id="D110-2" count="3" priority="midium" hash="ccea9715"/>
<report id="D110-3" count="3" priority="midium" hash="5ca4048d"/>
<report id="D112-8" count="90" priority="midium" hash="dac61c59"/>
<report id="D106-11" count="2" priority="midium" hash="927e1d9a"/>
<report id="D106-10" count="2" priority="midium" hash="43de9ba4"/>
<report id="D110-9" count="10" priority="midium" hash="287e2de9"/>
<report id="D106-4" count="1" priority="low" hash="69fb05d3"/>
<report id="D106-12" count="1" priority="low" hash="796786e7"/>
<report id="D110-5" count="1" priority="low" hash="ce32822e"/>
<report id="D110-6" count="1" priority="low" hash="82bdb92a"/>
<report id="D110-1" count="1" priority="low" hash="b52cce8d"/>
<report id="D106-7" count="1" priority="low" hash="64a89e9f"/>
</reports>
</summary>
