<bugreport>

<bugtypeid>110</bugtypeid>

<event>
<index>1</index>
<type>StartAnalysis</type>
<location>
<file>/home/ben/CAnalyze_volce/preprocess/cubature/test.c</file>
<line>246</line>
<column><begin>5</begin><end>9</end></column>
</location>
<description>Start Analysis.</description>
</event>

<event>
<index>2</index>
<type>Branch</type>
<location>
<file>/home/ben/CAnalyze_volce/preprocess/cubature/test.c</file>
<line>252</line>
<column><begin>10</begin><end>19</end></column>
</location>
<description>Take the false branch.</description>
<expr>argc &lt;= 1</expr>
</event>

<event>
<index>3</index>
<type>Branch</type>
<location>
<file>/home/ben/CAnalyze_volce/preprocess/cubature/test.c</file>
<line>258</line>
<column><begin>12</begin><end>20</end></column>
</location>
<description>Take the true branch.</description>
<expr>argc &gt; 1</expr>
</event>

<event>
<index>4</index>
<type>Call</type>
<location>
<file>/home/ben/CAnalyze_volce/preprocess/cubature/test.c</file>
<line>258</line>
<column><begin>23</begin><end>27</end></column>
</location>
<description>Call a function.</description>
<expr>atoi(argv[1])</expr>
<callee>
  <file>/usr/include/stdlib.h</file>
  <line>104</line>
</callee>
</event>

<event>
<index>5</index>
<type>Branch</type>
<location>
<file>/home/ben/CAnalyze_volce/preprocess/cubature/test.c</file>
<line>259</line>
<column><begin>12</begin><end>20</end></column>
</location>
<description>Take the false branch.</description>
<expr>argc &gt; 2</expr>
</event>

<event>
<index>6</index>
<type>Branch</type>
<location>
<file>/home/ben/CAnalyze_volce/preprocess/cubature/test.c</file>
<line>260</line>
<column><begin>16</begin><end>24</end></column>
</location>
<description>Take the false branch.</description>
<expr>argc &gt; 4</expr>
</event>

<event>
<index>7</index>
<type>Branch</type>
<location>
<file>/home/ben/CAnalyze_volce/preprocess/cubature/test.c</file>
<line>263</line>
<column><begin>10</begin><end>19</end></column>
</location>
<description>Take the true branch.</description>
<expr>argc &lt;= 3</expr>
</event>

<event>
<index>8</index>
<type>Call</type>
<location>
<file>/home/ben/CAnalyze_volce/preprocess/cubature/test.c</file>
<line>265</line>
<column><begin>30</begin><end>36</end></column>
</location>
<description>Call a function.</description>
<expr>malloc(sizeof(int) * integrand_fdim)</expr>
<callee>
  <file>/usr/include/stdlib.h</file>
  <line>539</line>
</callee>
</event>

<event>
<index>9</index>
<type>Call</type>
<location>
<file>/home/ben/CAnalyze_volce/preprocess/cubature/test.c</file>
<line>290</line>
<column><begin>23</begin><end>29</end></column>
</location>
<description>Call a function.</description>
<expr>malloc(sizeof(double) * integrand_fdim)</expr>
<callee>
  <file>/usr/include/stdlib.h</file>
  <line>539</line>
</callee>
</event>

<event>
<index>10</index>
<type>Call</type>
<location>
<file>/home/ben/CAnalyze_volce/preprocess/cubature/test.c</file>
<line>291</line>
<column><begin>23</begin><end>29</end></column>
</location>
<description>Call a function.</description>
<expr>malloc(sizeof(double) * integrand_fdim)</expr>
<callee>
  <file>/usr/include/stdlib.h</file>
  <line>539</line>
</callee>
</event>

<event>
<index>11</index>
<type>Call</type>
<location>
<file>/home/ben/CAnalyze_volce/preprocess/cubature/test.c</file>
<line>293</line>
<column><begin>24</begin><end>30</end></column>
</location>
<description>Call a function.</description>
<expr>malloc(dim * sizeof(double))</expr>
<callee>
  <file>/usr/include/stdlib.h</file>
  <line>539</line>
</callee>
</event>

<event>
<index>12</index>
<type>Call</type>
<location>
<file>/home/ben/CAnalyze_volce/preprocess/cubature/test.c</file>
<line>294</line>
<column><begin>24</begin><end>30</end></column>
</location>
<description>Call a function.</description>
<expr>malloc(dim * sizeof(double))</expr>
<callee>
  <file>/usr/include/stdlib.h</file>
  <line>539</line>
</callee>
</event>

<event>
<index>13</index>
<type>Branch</type>
<location>
<file>/home/ben/CAnalyze_volce/preprocess/cubature/test.c</file>
<line>295</line>
<column><begin>18</begin><end>25</end></column>
</location>
<description>Take the true branch.</description>
<expr>i &lt; dim</expr>
</event>

<event>
<index>14</index>
<type>Trigger</type>
<location>
<file>/home/ben/CAnalyze_volce/preprocess/cubature/test.c</file>
<line>297</line>
<column><begin>4</begin><end>8</end></column>
</location>
<description>The pointer is NULL.</description>
<expr>xmax</expr>
</event>

</bugreport>

