<bugreport>

<bugtypeid>400</bugtypeid>

<event>
<index>1</index>
<type>StartAnalysis</type>
<location>
<file>/home/ben/CAnalyze_volce/preprocess/cubature/hcubature.c</file>
<line>1023</line>
<column><begin>12</begin><end>20</end></column>
</location>
<description>Start Analysis.</description>
</event>

<event>
<index>2</index>
<type>Branch</type>
<location>
<file>/home/ben/CAnalyze_volce/preprocess/cubature/hcubature.c</file>
<line>1034</line>
<column><begin>10</begin><end>19</end></column>
</location>
<description>Take the false branch.</description>
<expr>fdim == 0</expr>
</event>

<event>
<index>3</index>
<type>Branch</type>
<location>
<file>/home/ben/CAnalyze_volce/preprocess/cubature/hcubature.c</file>
<line>1035</line>
<column><begin>10</begin><end>18</end></column>
</location>
<description>Take the false branch.</description>
<expr>dim == 0</expr>
</event>

<event>
<index>4</index>
<type>Branch</type>
<location>
<file>/home/ben/CAnalyze_volce/preprocess/cubature/hcubature.c</file>
<line>1040</line>
<column><begin>10</begin><end>18</end></column>
</location>
<description>Take the false branch.</description>
<expr>dim == 1</expr>
</event>

<event>
<index>5</index>
<type>Call</type>
<location>
<file>/home/ben/CAnalyze_volce/preprocess/cubature/hcubature.c</file>
<line>1041</line>
<column><begin>15</begin><end>35</end></column>
</location>
<description>Call a function.</description>
<expr>make_rule75genzmalik(dim, fdim)</expr>
<callee>
  <file>/home/ben/CAnalyze_volce/preprocess/cubature/hcubature.c</file>
  <line>579</line>
</callee>
</event>

<event>
<index>6</index>
<type>InlineEnter</type>
<location>
<file>/home/ben/CAnalyze_volce/preprocess/cubature/hcubature.c</file>
<line>579</line>
<column><begin>14</begin><end>34</end></column>
</location>
<description>Enter function.</description>
<expr>make_rule75genzmalik(dim, fdim)</expr>
</event>

<event>
<index>7</index>
<type>Branch</type>
<location>
<file>/home/ben/CAnalyze_volce/preprocess/cubature/hcubature.c</file>
<line>583</line>
<column><begin>10</begin><end>17</end></column>
</location>
<description>Take the false branch.</description>
<expr>dim &lt; 2</expr>
</event>

<event>
<index>8</index>
<type>Branch</type>
<location>
<file>/home/ben/CAnalyze_volce/preprocess/cubature/hcubature.c</file>
<line>590</line>
<column><begin>10</begin><end>37</end></column>
</location>
<description>Take the false branch.</description>
<expr>dim &gt;= sizeof(unsigned int) * 8</expr>
</event>

<event>
<index>9</index>
<type>Call</type>
<location>
<file>/home/ben/CAnalyze_volce/preprocess/cubature/hcubature.c</file>
<line>592</line>
<column><begin>30</begin><end>39</end></column>
</location>
<description>Call a function.</description>
<expr>make_rule(sizeof(rule75genzmalik), dim, fdim, (1U) + 2 * (2 * (dim)) + (2 * (dim) * (dim - 1)) + (1U &lt;&lt; (dim)), rule75genzmalik_evalError, destroy_rule75genzmalik)</expr>
<callee>
  <file>/home/ben/CAnalyze_volce/preprocess/cubature/hcubature.c</file>
  <line>267</line>
</callee>
</event>

<event>
<index>10</index>
<type>InlineEnter</type>
<location>
<file>/home/ben/CAnalyze_volce/preprocess/cubature/hcubature.c</file>
<line>267</line>
<column><begin>14</begin><end>23</end></column>
</location>
<description>Enter function.</description>
<expr>make_rule(sizeof(rule75genzmalik), dim, fdim, (1U) + 2 * (2 * (dim)) + (2 * (dim) * (dim - 1)) + (1U &lt;&lt; (dim)), rule75genzmalik_evalError, destroy_rule75genzmalik)</expr>
</event>

<event>
<index>11</index>
<type>Branch</type>
<location>
<file>/home/ben/CAnalyze_volce/preprocess/cubature/hcubature.c</file>
<line>273</line>
<column><begin>10</begin><end>27</end></column>
</location>
<description>Take the false branch.</description>
<expr>sz &lt; sizeof(rule)</expr>
</event>

<event>
<index>12</index>
<type>Call</type>
<location>
<file>/home/ben/CAnalyze_volce/preprocess/cubature/hcubature.c</file>
<line>274</line>
<column><begin>19</begin><end>25</end></column>
</location>
<description>Call a function.</description>
<expr>malloc(sz)</expr>
<callee>
  <file>/usr/include/stdlib.h</file>
  <line>539</line>
</callee>
</event>

<event>
<index>13</index>
<type>Branch</type>
<location>
<file>/home/ben/CAnalyze_volce/preprocess/cubature/hcubature.c</file>
<line>275</line>
<column><begin>10</begin><end>12</end></column>
</location>
<description>Take the false branch.</description>
<expr>!r</expr>
</event>

<event>
<index>14</index>
<type>InlineExit</type>
<location>
<file>/home/ben/CAnalyze_volce/preprocess/cubature/hcubature.c</file>
<line>282</line>
<column><begin>1</begin><end>2</end></column>
</location>
<description>Exit function.</description>
<expr>make_rule(sizeof(rule75genzmalik), dim, fdim, (1U) + 2 * (2 * (dim)) + (2 * (dim) * (dim - 1)) + (1U &lt;&lt; (dim)), rule75genzmalik_evalError, destroy_rule75genzmalik)</expr>
</event>

<event>
<index>15</index>
<type>Branch</type>
<location>
<file>/home/ben/CAnalyze_volce/preprocess/cubature/hcubature.c</file>
<line>598</line>
<column><begin>10</begin><end>12</end></column>
</location>
<description>Take the false branch.</description>
<expr>!r</expr>
</event>

<event>
<index>16</index>
<type>Call</type>
<location>
<file>/home/ben/CAnalyze_volce/preprocess/cubature/hcubature.c</file>
<line>600</line>
<column><begin>66</begin><end>70</end></column>
</location>
<description>Call a function.</description>
<expr>isqr(((int)(dim)))</expr>
<callee>
  <file>/home/ben/CAnalyze_volce/preprocess/cubature/hcubature.c</file>
  <line>445</line>
</callee>
</event>

<event>
<index>17</index>
<type>InlineEnter</type>
<location>
<file>/home/ben/CAnalyze_volce/preprocess/cubature/hcubature.c</file>
<line>445</line>
<column><begin>12</begin><end>16</end></column>
</location>
<description>Enter function.</description>
<expr>isqr(((int)(dim)))</expr>
</event>

<event>
<index>18</index>
<type>InlineExit</type>
<location>
<file>/home/ben/CAnalyze_volce/preprocess/cubature/hcubature.c</file>
<line>448</line>
<column><begin>1</begin><end>2</end></column>
</location>
<description>Exit function.</description>
<expr>isqr(((int)(dim)))</expr>
</event>

<event>
<index>19</index>
<type>Call</type>
<location>
<file>/home/ben/CAnalyze_volce/preprocess/cubature/hcubature.c</file>
<line>604</line>
<column><begin>63</begin><end>67</end></column>
</location>
<description>Call a function.</description>
<expr>isqr(((int)(dim)))</expr>
<callee>
  <file>/home/ben/CAnalyze_volce/preprocess/cubature/hcubature.c</file>
  <line>445</line>
</callee>
</event>

<event>
<index>20</index>
<type>InlineEnter</type>
<location>
<file>/home/ben/CAnalyze_volce/preprocess/cubature/hcubature.c</file>
<line>445</line>
<column><begin>12</begin><end>16</end></column>
</location>
<description>Enter function.</description>
<expr>isqr(((int)(dim)))</expr>
</event>

<event>
<index>21</index>
<type>InlineExit</type>
<location>
<file>/home/ben/CAnalyze_volce/preprocess/cubature/hcubature.c</file>
<line>448</line>
<column><begin>1</begin><end>2</end></column>
</location>
<description>Exit function.</description>
<expr>isqr(((int)(dim)))</expr>
</event>

<event>
<index>22</index>
<type>Call</type>
<location>
<file>/home/ben/CAnalyze_volce/preprocess/cubature/hcubature.c</file>
<line>608</line>
<column><begin>24</begin><end>30</end></column>
</location>
<description>Call a function.</description>
<expr>malloc(sizeof(double) * dim * 3)</expr>
<callee>
  <file>/usr/include/stdlib.h</file>
  <line>539</line>
</callee>
</event>

<event>
<index>23</index>
<type>Branch</type>
<location>
<file>/home/ben/CAnalyze_volce/preprocess/cubature/hcubature.c</file>
<line>609</line>
<column><begin>10</begin><end>15</end></column>
</location>
<description>Take the false branch.</description>
<expr>!r-&gt;p</expr>
</event>

<event>
<index>24</index>
<type>InlineExit</type>
<location>
<file>/home/ben/CAnalyze_volce/preprocess/cubature/hcubature.c</file>
<line>614</line>
<column><begin>1</begin><end>2</end></column>
</location>
<description>Exit function.</description>
<expr>make_rule75genzmalik(dim, fdim)</expr>
</event>

<event>
<index>25</index>
<type>Branch</type>
<location>
<file>/home/ben/CAnalyze_volce/preprocess/cubature/hcubature.c</file>
<line>1042</line>
<column><begin>10</begin><end>12</end></column>
</location>
<description>Take the false branch.</description>
<expr>!r</expr>
</event>

<event>
<index>26</index>
<type>Call</type>
<location>
<file>/home/ben/CAnalyze_volce/preprocess/cubature/hcubature.c</file>
<line>1049</line>
<column><begin>10</begin><end>30</end></column>
</location>
<description>Call a function.</description>
<expr>make_hypercube_range(dim, xmin, xmax)</expr>
<callee>
  <file>/home/ben/CAnalyze_volce/preprocess/cubature/hcubature.c</file>
  <line>160</line>
</callee>
</event>

<event>
<index>27</index>
<type>InlineEnter</type>
<location>
<file>/home/ben/CAnalyze_volce/preprocess/cubature/hcubature.c</file>
<line>160</line>
<column><begin>18</begin><end>38</end></column>
</location>
<description>Enter function.</description>
<expr>make_hypercube_range(dim, xmin, xmax)</expr>
</event>

<event>
<index>28</index>
<type>Call</type>
<location>
<file>/home/ben/CAnalyze_volce/preprocess/cubature/hcubature.c</file>
<line>162</line>
<column><begin>20</begin><end>34</end></column>
</location>
<description>Call a function.</description>
<expr>make_hypercube(dim, xmin, xmax)</expr>
<callee>
  <file>/home/ben/CAnalyze_volce/preprocess/cubature/hcubature.c</file>
  <line>143</line>
</callee>
</event>

<event>
<index>29</index>
<type>InlineEnter</type>
<location>
<file>/home/ben/CAnalyze_volce/preprocess/cubature/hcubature.c</file>
<line>143</line>
<column><begin>18</begin><end>32</end></column>
</location>
<description>Enter function.</description>
<expr>make_hypercube(dim, xmin, xmax)</expr>
</event>

<event>
<index>30</index>
<type>Call</type>
<location>
<file>/home/ben/CAnalyze_volce/preprocess/cubature/hcubature.c</file>
<line>148</line>
<column><begin>26</begin><end>32</end></column>
</location>
<description>Call a function.</description>
<expr>malloc(sizeof(double) * dim * 2)</expr>
<callee>
  <file>/usr/include/stdlib.h</file>
  <line>539</line>
</callee>
</event>

<event>
<index>31</index>
<type>Branch</type>
<location>
<file>/home/ben/CAnalyze_volce/preprocess/cubature/hcubature.c</file>
<line>150</line>
<column><begin>10</begin><end>16</end></column>
</location>
<description>Take the true branch.</description>
<expr>h.data</expr>
</event>

<event>
<index>32</index>
<type>Branch</type>
<location>
<file>/home/ben/CAnalyze_volce/preprocess/cubature/hcubature.c</file>
<line>151</line>
<column><begin>16</begin><end>23</end></column>
</location>
<description>Take the true branch.</description>
<expr>i &lt; dim</expr>
</event>

<event>
<index>33</index>
<type>Branch</type>
<location>
<file>/home/ben/CAnalyze_volce/preprocess/cubature/hcubature.c</file>
<line>151</line>
<column><begin>16</begin><end>23</end></column>
</location>
<description>Take the true branch.</description>
<expr>i &lt; dim</expr>
</event>

<event>
<index>34</index>
<type>Branch</type>
<location>
<file>/home/ben/CAnalyze_volce/preprocess/cubature/hcubature.c</file>
<line>151</line>
<column><begin>16</begin><end>23</end></column>
</location>
<description>Take the false branch.</description>
<expr>i &lt; dim</expr>
</event>

<event>
<index>35</index>
<type>Call</type>
<location>
<file>/home/ben/CAnalyze_volce/preprocess/cubature/hcubature.c</file>
<line>155</line>
<column><begin>12</begin><end>23</end></column>
</location>
<description>Call a function.</description>
<expr>compute_vol(&amp;h)</expr>
<callee>
  <file>/home/ben/CAnalyze_volce/preprocess/cubature/hcubature.c</file>
  <line>134</line>
</callee>
</event>

<event>
<index>36</index>
<type>InlineEnter</type>
<location>
<file>/home/ben/CAnalyze_volce/preprocess/cubature/hcubature.c</file>
<line>134</line>
<column><begin>15</begin><end>26</end></column>
</location>
<description>Enter function.</description>
<expr>compute_vol(&amp;h)</expr>
</event>

<event>
<index>37</index>
<type>Branch</type>
<location>
<file>/home/ben/CAnalyze_volce/preprocess/cubature/hcubature.c</file>
<line>138</line>
<column><begin>18</begin><end>28</end></column>
</location>
<description>Take the true branch.</description>
<expr>i &lt; h-&gt;dim</expr>
</event>

<event>
<index>38</index>
<type>Branch</type>
<location>
<file>/home/ben/CAnalyze_volce/preprocess/cubature/hcubature.c</file>
<line>138</line>
<column><begin>18</begin><end>28</end></column>
</location>
<description>Take the true branch.</description>
<expr>i &lt; h-&gt;dim</expr>
</event>

<event>
<index>39</index>
<type>Branch</type>
<location>
<file>/home/ben/CAnalyze_volce/preprocess/cubature/hcubature.c</file>
<line>138</line>
<column><begin>18</begin><end>28</end></column>
</location>
<description>Take the false branch.</description>
<expr>i &lt; h-&gt;dim</expr>
</event>

<event>
<index>40</index>
<type>InlineExit</type>
<location>
<file>/home/ben/CAnalyze_volce/preprocess/cubature/hcubature.c</file>
<line>141</line>
<column><begin>1</begin><end>2</end></column>
</location>
<description>Exit function.</description>
<expr>compute_vol(&amp;h)</expr>
</event>

<event>
<index>41</index>
<type>InlineExit</type>
<location>
<file>/home/ben/CAnalyze_volce/preprocess/cubature/hcubature.c</file>
<line>158</line>
<column><begin>1</begin><end>2</end></column>
</location>
<description>Exit function.</description>
<expr>make_hypercube(dim, xmin, xmax)</expr>
</event>

<event>
<index>42</index>
<type>Branch</type>
<location>
<file>/home/ben/CAnalyze_volce/preprocess/cubature/hcubature.c</file>
<line>164</line>
<column><begin>10</begin><end>16</end></column>
</location>
<description>Take the true branch.</description>
<expr>h.data</expr>
</event>

<event>
<index>43</index>
<type>Branch</type>
<location>
<file>/home/ben/CAnalyze_volce/preprocess/cubature/hcubature.c</file>
<line>165</line>
<column><begin>16</begin><end>23</end></column>
</location>
<description>Take the true branch.</description>
<expr>i &lt; dim</expr>
</event>

<event>
<index>44</index>
<type>Branch</type>
<location>
<file>/home/ben/CAnalyze_volce/preprocess/cubature/hcubature.c</file>
<line>165</line>
<column><begin>16</begin><end>23</end></column>
</location>
<description>Take the true branch.</description>
<expr>i &lt; dim</expr>
</event>

<event>
<index>45</index>
<type>Branch</type>
<location>
<file>/home/ben/CAnalyze_volce/preprocess/cubature/hcubature.c</file>
<line>165</line>
<column><begin>16</begin><end>23</end></column>
</location>
<description>Take the false branch.</description>
<expr>i &lt; dim</expr>
</event>

<event>
<index>46</index>
<type>Call</type>
<location>
<file>/home/ben/CAnalyze_volce/preprocess/cubature/hcubature.c</file>
<line>169</line>
<column><begin>12</begin><end>23</end></column>
</location>
<description>Call a function.</description>
<expr>compute_vol(&amp;h)</expr>
<callee>
  <file>/home/ben/CAnalyze_volce/preprocess/cubature/hcubature.c</file>
  <line>134</line>
</callee>
</event>

<event>
<index>47</index>
<type>InlineEnter</type>
<location>
<file>/home/ben/CAnalyze_volce/preprocess/cubature/hcubature.c</file>
<line>134</line>
<column><begin>15</begin><end>26</end></column>
</location>
<description>Enter function.</description>
<expr>compute_vol(&amp;h)</expr>
</event>

<event>
<index>48</index>
<type>Branch</type>
<location>
<file>/home/ben/CAnalyze_volce/preprocess/cubature/hcubature.c</file>
<line>138</line>
<column><begin>18</begin><end>28</end></column>
</location>
<description>Take the true branch.</description>
<expr>i &lt; h-&gt;dim</expr>
</event>

<event>
<index>49</index>
<type>Branch</type>
<location>
<file>/home/ben/CAnalyze_volce/preprocess/cubature/hcubature.c</file>
<line>138</line>
<column><begin>18</begin><end>28</end></column>
</location>
<description>Take the true branch.</description>
<expr>i &lt; h-&gt;dim</expr>
</event>

<event>
<index>50</index>
<type>Branch</type>
<location>
<file>/home/ben/CAnalyze_volce/preprocess/cubature/hcubature.c</file>
<line>138</line>
<column><begin>18</begin><end>28</end></column>
</location>
<description>Take the false branch.</description>
<expr>i &lt; h-&gt;dim</expr>
</event>

<event>
<index>51</index>
<type>InlineExit</type>
<location>
<file>/home/ben/CAnalyze_volce/preprocess/cubature/hcubature.c</file>
<line>141</line>
<column><begin>1</begin><end>2</end></column>
</location>
<description>Exit function.</description>
<expr>compute_vol(&amp;h)</expr>
</event>

<event>
<index>52</index>
<type>InlineExit</type>
<location>
<file>/home/ben/CAnalyze_volce/preprocess/cubature/hcubature.c</file>
<line>172</line>
<column><begin>1</begin><end>2</end></column>
</location>
<description>Exit function.</description>
<expr>make_hypercube_range(dim, xmin, xmax)</expr>
</event>

<event>
<index>53</index>
<type>Branch</type>
<location>
<file>/home/ben/CAnalyze_volce/preprocess/cubature/hcubature.c</file>
<line>1050</line>
<column><begin>15</begin><end>22</end></column>
</location>
<description>Take the false branch.</description>
<expr>!h.data</expr>
</event>

<event>
<index>54</index>
<type>Call</type>
<location>
<file>/home/ben/CAnalyze_volce/preprocess/cubature/hcubature.c</file>
<line>1051</line>
<column><begin>6</begin><end>18</end></column>
</location>
<description>Call a function.</description>
<expr>rulecubature(r, fdim, f, fdata, &amp;h, maxEval, reqAbsError, reqRelError, norm, val, err, parallel)</expr>
<callee>
  <file>/home/ben/CAnalyze_volce/preprocess/cubature/hcubature.c</file>
  <line>904</line>
</callee>
</event>

<event>
<index>55</index>
<type>InlineEnter</type>
<location>
<file>/home/ben/CAnalyze_volce/preprocess/cubature/hcubature.c</file>
<line>904</line>
<column><begin>12</begin><end>24</end></column>
</location>
<description>Enter function.</description>
<expr>rulecubature(r, fdim, f, fdata, &amp;h, maxEval, reqAbsError, reqRelError, norm, val, err, parallel)</expr>
</event>

<event>
<index>56</index>
<type>Branch</type>
<location>
<file>/home/ben/CAnalyze_volce/preprocess/cubature/hcubature.c</file>
<line>919</line>
<column><begin>10</begin><end>19</end></column>
</location>
<description>Take the false branch.</description>
<expr>fdim &lt;= 1</expr>
</event>

<event>
<index>57</index>
<type>Branch</type>
<location>
<file>/home/ben/CAnalyze_volce/preprocess/cubature/hcubature.c</file>
<line>920</line>
<column><begin>10</begin><end>18</end></column>
</location>
<description>Take the false branch.</description>
<expr>norm &lt; 0</expr>
</event>

<event>
<index>58</index>
<type>Branch</type>
<location>
<file>/home/ben/CAnalyze_volce/preprocess/cubature/hcubature.c</file>
<line>920</line>
<column><begin>10</begin><end>39</end></column>
</location>
<description>Take the false branch.</description>
<expr>norm &lt; 0 || norm &gt; ERROR_LINF</expr>
</event>

<event>
<index>59</index>
<type>Call</type>
<location>
<file>/home/ben/CAnalyze_volce/preprocess/cubature/hcubature.c</file>
<line>922</line>
<column><begin>16</begin><end>26</end></column>
</location>
<description>Call a function.</description>
<expr>heap_alloc(1, fdim)</expr>
<callee>
  <file>/home/ben/CAnalyze_volce/preprocess/cubature/hcubature.c</file>
  <line>794</line>
</callee>
</event>

<event>
<index>60</index>
<type>InlineEnter</type>
<location>
<file>/home/ben/CAnalyze_volce/preprocess/cubature/hcubature.c</file>
<line>794</line>
<column><begin>13</begin><end>23</end></column>
</location>
<description>Enter function.</description>
<expr>heap_alloc(1, fdim)</expr>
</event>

<event>
<index>61</index>
<type>Call</type>
<location>
<file>/home/ben/CAnalyze_volce/preprocess/cubature/hcubature.c</file>
<line>802</line>
<column><begin>24</begin><end>30</end></column>
</location>
<description>Call a function.</description>
<expr>malloc(sizeof(esterr) * fdim)</expr>
<callee>
  <file>/usr/include/stdlib.h</file>
  <line>539</line>
</callee>
</event>

<event>
<index>62</index>
<type>Branch</type>
<location>
<file>/home/ben/CAnalyze_volce/preprocess/cubature/hcubature.c</file>
<line>803</line>
<column><begin>10</begin><end>14</end></column>
</location>
<description>Take the true branch.</description>
<expr>h.ee</expr>
</event>

<event>
<index>63</index>
<type>Branch</type>
<location>
<file>/home/ben/CAnalyze_volce/preprocess/cubature/hcubature.c</file>
<line>804</line>
<column><begin>16</begin><end>24</end></column>
</location>
<description>Take the true branch.</description>
<expr>i &lt; fdim</expr>
</event>

<event>
<index>64</index>
<type>Branch</type>
<location>
<file>/home/ben/CAnalyze_volce/preprocess/cubature/hcubature.c</file>
<line>804</line>
<column><begin>16</begin><end>24</end></column>
</location>
<description>Take the true branch.</description>
<expr>i &lt; fdim</expr>
</event>

<event>
<index>65</index>
<type>Branch</type>
<location>
<file>/home/ben/CAnalyze_volce/preprocess/cubature/hcubature.c</file>
<line>804</line>
<column><begin>16</begin><end>24</end></column>
</location>
<description>Take the false branch.</description>
<expr>i &lt; fdim</expr>
</event>

<event>
<index>66</index>
<type>Call</type>
<location>
<file>/home/ben/CAnalyze_volce/preprocess/cubature/hcubature.c</file>
<line>805</line>
<column><begin>4</begin><end>15</end></column>
</location>
<description>Call a function.</description>
<expr>heap_resize(&amp;h, nalloc)</expr>
<callee>
  <file>/home/ben/CAnalyze_volce/preprocess/cubature/hcubature.c</file>
  <line>782</line>
</callee>
</event>

<event>
<index>67</index>
<type>InlineEnter</type>
<location>
<file>/home/ben/CAnalyze_volce/preprocess/cubature/hcubature.c</file>
<line>782</line>
<column><begin>13</begin><end>24</end></column>
</location>
<description>Enter function.</description>
<expr>heap_resize(&amp;h, nalloc)</expr>
</event>

<event>
<index>68</index>
<type>Branch</type>
<location>
<file>/home/ben/CAnalyze_volce/preprocess/cubature/hcubature.c</file>
<line>785</line>
<column><begin>10</begin><end>16</end></column>
</location>
<description>Take the true branch.</description>
<expr>nalloc</expr>
</event>

<event>
<index>69</index>
<type>Call</type>
<location>
<file>/home/ben/CAnalyze_volce/preprocess/cubature/hcubature.c</file>
<line>786</line>
<column><begin>35</begin><end>42</end></column>
</location>
<description>Call a function.</description>
<expr>realloc(h-&gt;items, sizeof(heap_item) * nalloc)</expr>
<callee>
  <file>/usr/include/stdlib.h</file>
  <line>549</line>
</callee>
</event>

<event>
<index>70</index>
<type>InlineExit</type>
<location>
<file>/home/ben/CAnalyze_volce/preprocess/cubature/hcubature.c</file>
<line>792</line>
<column><begin>1</begin><end>2</end></column>
</location>
<description>Exit function.</description>
<expr>heap_resize(&amp;h, nalloc)</expr>
</event>

<event>
<index>71</index>
<type>InlineExit</type>
<location>
<file>/home/ben/CAnalyze_volce/preprocess/cubature/hcubature.c</file>
<line>808</line>
<column><begin>1</begin><end>2</end></column>
</location>
<description>Exit function.</description>
<expr>heap_alloc(1, fdim)</expr>
</event>

<event>
<index>72</index>
<type>Branch</type>
<location>
<file>/home/ben/CAnalyze_volce/preprocess/cubature/hcubature.c</file>
<line>923</line>
<column><begin>10</begin><end>21</end></column>
</location>
<description>Take the false branch.</description>
<expr>!regions.ee</expr>
</event>

<event>
<index>73</index>
<type>Branch</type>
<location>
<file>/home/ben/CAnalyze_volce/preprocess/cubature/hcubature.c</file>
<line>923</line>
<column><begin>10</begin><end>39</end></column>
</location>
<description>Take the false branch.</description>
<expr>!regions.ee || !regions.items</expr>
</event>

<event>
<index>74</index>
<type>Call</type>
<location>
<file>/home/ben/CAnalyze_volce/preprocess/cubature/hcubature.c</file>
<line>925</line>
<column><begin>22</begin><end>28</end></column>
</location>
<description>Call a function.</description>
<expr>malloc(sizeof(esterr) * fdim)</expr>
<callee>
  <file>/usr/include/stdlib.h</file>
  <line>539</line>
</callee>
</event>

<event>
<index>75</index>
<type>Branch</type>
<location>
<file>/home/ben/CAnalyze_volce/preprocess/cubature/hcubature.c</file>
<line>926</line>
<column><begin>10</begin><end>13</end></column>
</location>
<description>Take the false branch.</description>
<expr>!ee</expr>
</event>

<event>
<index>76</index>
<type>Call</type>
<location>
<file>/home/ben/CAnalyze_volce/preprocess/cubature/hcubature.c</file>
<line>929</line>
<column><begin>21</begin><end>27</end></column>
</location>
<description>Call a function.</description>
<expr>malloc(sizeof(region) * nR_alloc)</expr>
<callee>
  <file>/usr/include/stdlib.h</file>
  <line>539</line>
</callee>
</event>

<event>
<index>77</index>
<type>Branch</type>
<location>
<file>/home/ben/CAnalyze_volce/preprocess/cubature/hcubature.c</file>
<line>930</line>
<column><begin>10</begin><end>12</end></column>
</location>
<description>Take the false branch.</description>
<expr>!R</expr>
</event>

<event>
<index>78</index>
<type>Call</type>
<location>
<file>/home/ben/CAnalyze_volce/preprocess/cubature/hcubature.c</file>
<line>931</line>
<column><begin>13</begin><end>24</end></column>
</location>
<description>Call a function.</description>
<expr>make_region(h, fdim)</expr>
<callee>
  <file>/home/ben/CAnalyze_volce/preprocess/cubature/hcubature.c</file>
  <line>188</line>
</callee>
</event>

<event>
<index>79</index>
<type>InlineEnter</type>
<location>
<file>/home/ben/CAnalyze_volce/preprocess/cubature/hcubature.c</file>
<line>188</line>
<column><begin>15</begin><end>26</end></column>
</location>
<description>Enter function.</description>
<expr>make_region(h, fdim)</expr>
</event>

<event>
<index>80</index>
<type>Call</type>
<location>
<file>/home/ben/CAnalyze_volce/preprocess/cubature/hcubature.c</file>
<line>191</line>
<column><begin>12</begin><end>26</end></column>
</location>
<description>Call a function.</description>
<expr>make_hypercube(h-&gt;dim, h-&gt;data, h-&gt;data + h-&gt;dim)</expr>
<callee>
  <file>/home/ben/CAnalyze_volce/preprocess/cubature/hcubature.c</file>
  <line>143</line>
</callee>
</event>

<event>
<index>81</index>
<type>InlineEnter</type>
<location>
<file>/home/ben/CAnalyze_volce/preprocess/cubature/hcubature.c</file>
<line>143</line>
<column><begin>18</begin><end>32</end></column>
</location>
<description>Enter function.</description>
<expr>make_hypercube(h-&gt;dim, h-&gt;data, h-&gt;data + h-&gt;dim)</expr>
</event>

<event>
<index>82</index>
<type>Call</type>
<location>
<file>/home/ben/CAnalyze_volce/preprocess/cubature/hcubature.c</file>
<line>148</line>
<column><begin>26</begin><end>32</end></column>
</location>
<description>Call a function.</description>
<expr>malloc(sizeof(double) * dim * 2)</expr>
<callee>
  <file>/usr/include/stdlib.h</file>
  <line>539</line>
</callee>
</event>

<event>
<index>83</index>
<type>Branch</type>
<location>
<file>/home/ben/CAnalyze_volce/preprocess/cubature/hcubature.c</file>
<line>150</line>
<column><begin>10</begin><end>16</end></column>
</location>
<description>Take the true branch.</description>
<expr>h.data</expr>
</event>

<event>
<index>84</index>
<type>Branch</type>
<location>
<file>/home/ben/CAnalyze_volce/preprocess/cubature/hcubature.c</file>
<line>151</line>
<column><begin>16</begin><end>23</end></column>
</location>
<description>Take the true branch.</description>
<expr>i &lt; dim</expr>
</event>

<event>
<index>85</index>
<type>Branch</type>
<location>
<file>/home/ben/CAnalyze_volce/preprocess/cubature/hcubature.c</file>
<line>151</line>
<column><begin>16</begin><end>23</end></column>
</location>
<description>Take the true branch.</description>
<expr>i &lt; dim</expr>
</event>

<event>
<index>86</index>
<type>Branch</type>
<location>
<file>/home/ben/CAnalyze_volce/preprocess/cubature/hcubature.c</file>
<line>151</line>
<column><begin>16</begin><end>23</end></column>
</location>
<description>Take the false branch.</description>
<expr>i &lt; dim</expr>
</event>

<event>
<index>87</index>
<type>Call</type>
<location>
<file>/home/ben/CAnalyze_volce/preprocess/cubature/hcubature.c</file>
<line>155</line>
<column><begin>12</begin><end>23</end></column>
</location>
<description>Call a function.</description>
<expr>compute_vol(&amp;h)</expr>
<callee>
  <file>/home/ben/CAnalyze_volce/preprocess/cubature/hcubature.c</file>
  <line>134</line>
</callee>
</event>

<event>
<index>88</index>
<type>InlineEnter</type>
<location>
<file>/home/ben/CAnalyze_volce/preprocess/cubature/hcubature.c</file>
<line>134</line>
<column><begin>15</begin><end>26</end></column>
</location>
<description>Enter function.</description>
<expr>compute_vol(&amp;h)</expr>
</event>

<event>
<index>89</index>
<type>Branch</type>
<location>
<file>/home/ben/CAnalyze_volce/preprocess/cubature/hcubature.c</file>
<line>138</line>
<column><begin>18</begin><end>28</end></column>
</location>
<description>Take the true branch.</description>
<expr>i &lt; h-&gt;dim</expr>
</event>

<event>
<index>90</index>
<type>Branch</type>
<location>
<file>/home/ben/CAnalyze_volce/preprocess/cubature/hcubature.c</file>
<line>138</line>
<column><begin>18</begin><end>28</end></column>
</location>
<description>Take the true branch.</description>
<expr>i &lt; h-&gt;dim</expr>
</event>

<event>
<index>91</index>
<type>Branch</type>
<location>
<file>/home/ben/CAnalyze_volce/preprocess/cubature/hcubature.c</file>
<line>138</line>
<column><begin>18</begin><end>28</end></column>
</location>
<description>Take the false branch.</description>
<expr>i &lt; h-&gt;dim</expr>
</event>

<event>
<index>92</index>
<type>InlineExit</type>
<location>
<file>/home/ben/CAnalyze_volce/preprocess/cubature/hcubature.c</file>
<line>141</line>
<column><begin>1</begin><end>2</end></column>
</location>
<description>Exit function.</description>
<expr>compute_vol(&amp;h)</expr>
</event>

<event>
<index>93</index>
<type>InlineExit</type>
<location>
<file>/home/ben/CAnalyze_volce/preprocess/cubature/hcubature.c</file>
<line>158</line>
<column><begin>1</begin><end>2</end></column>
</location>
<description>Exit function.</description>
<expr>make_hypercube(h-&gt;dim, h-&gt;data, h-&gt;data + h-&gt;dim)</expr>
</event>

<event>
<index>94</index>
<type>Branch</type>
<location>
<file>/home/ben/CAnalyze_volce/preprocess/cubature/hcubature.c</file>
<line>194</line>
<column><begin>13</begin><end>21</end></column>
</location>
<description>Take the true branch.</description>
<expr>R.h.data</expr>
</event>

<event>
<index>95</index>
<type>Call</type>
<location>
<file>/home/ben/CAnalyze_volce/preprocess/cubature/hcubature.c</file>
<line>194</line>
<column><begin>35</begin><end>41</end></column>
</location>
<description>Call a function.</description>
<expr>malloc(sizeof(esterr) * fdim)</expr>
<callee>
  <file>/usr/include/stdlib.h</file>
  <line>539</line>
</callee>
</event>

<event>
<index>96</index>
<type>Call</type>
<location>
<file>/home/ben/CAnalyze_volce/preprocess/cubature/hcubature.c</file>
<line>195</line>
<column><begin>18</begin><end>36</end></column>
</location>
<description>Call a function.</description>
<expr>__builtin_huge_val()</expr>
<callee>
  <file>/home/ben/CAnalyze_volce/preprocess/cubature/hcubature.c</file>
  <line>195</line>
</callee>
</event>

<event>
<index>97</index>
<type>InlineExit</type>
<location>
<file>/home/ben/CAnalyze_volce/preprocess/cubature/hcubature.c</file>
<line>197</line>
<column><begin>1</begin><end>2</end></column>
</location>
<description>Exit function.</description>
<expr>make_region(h, fdim)</expr>
</event>

<event>
<index>98</index>
<type>Branch</type>
<location>
<file>/home/ben/CAnalyze_volce/preprocess/cubature/hcubature.c</file>
<line>932</line>
<column><begin>10</begin><end>18</end></column>
</location>
<description>Take the false branch.</description>
<expr>!R[0].ee</expr>
</event>

<event>
<index>99</index>
<type>Call</type>
<location>
<file>/home/ben/CAnalyze_volce/preprocess/cubature/hcubature.c</file>
<line>933</line>
<column><begin>6</begin><end>18</end></column>
</location>
<description>Call a function.</description>
<expr>eval_regions(1, R, f, fdata, r)</expr>
<callee>
  <file>/home/ben/CAnalyze_volce/preprocess/cubature/hcubature.c</file>
  <line>285</line>
</callee>
</event>

<event>
<index>100</index>
<type>InlineEnter</type>
<location>
<file>/home/ben/CAnalyze_volce/preprocess/cubature/hcubature.c</file>
<line>285</line>
<column><begin>12</begin><end>24</end></column>
</location>
<description>Enter function.</description>
<expr>eval_regions(1, R, f, fdata, r)</expr>
</event>

<event>
<index>101</index>
<type>Branch</type>
<location>
<file>/home/ben/CAnalyze_volce/preprocess/cubature/hcubature.c</file>
<line>289</line>
<column><begin>10</begin><end>17</end></column>
</location>
<description>Take the false branch.</description>
<expr>nR == 0</expr>
</event>

<event>
<index>102</index>
<type>Call</type>
<location>
<file>/home/ben/CAnalyze_volce/preprocess/cubature/hcubature.c</file>
<line>290</line>
<column><begin>10</begin><end>11</end></column>
</location>
<description>Call a function.</description>
<expr>r-&gt;evalError(r, R-&gt;fdim, f, fdata, nR, R)</expr>
<callee>
  <file>/home/ben/CAnalyze_volce/preprocess/cubature/hcubature.c</file>
  <line>456</line>
</callee>
</event>

<event>
<index>103</index>
<type>InlineEnter</type>
<location>
<file>/home/ben/CAnalyze_volce/preprocess/cubature/hcubature.c</file>
<line>456</line>
<column><begin>12</begin><end>37</end></column>
</location>
<description>Enter function.</description>
<expr>r-&gt;evalError(r, R-&gt;fdim, f, fdata, nR, R)</expr>
</event>

<event>
<index>104</index>
<type>Call</type>
<location>
<file>/home/ben/CAnalyze_volce/preprocess/cubature/hcubature.c</file>
<line>473</line>
<column><begin>10</begin><end>24</end></column>
</location>
<description>Call a function.</description>
<expr>alloc_rule_pts(r_, nR)</expr>
<callee>
  <file>/home/ben/CAnalyze_volce/preprocess/cubature/hcubature.c</file>
  <line>247</line>
</callee>
</event>

<event>
<index>105</index>
<type>InlineEnter</type>
<location>
<file>/home/ben/CAnalyze_volce/preprocess/cubature/hcubature.c</file>
<line>247</line>
<column><begin>12</begin><end>26</end></column>
</location>
<description>Enter function.</description>
<expr>alloc_rule_pts(r_, nR)</expr>
</event>

<event>
<index>106</index>
<type>Branch</type>
<location>
<file>/home/ben/CAnalyze_volce/preprocess/cubature/hcubature.c</file>
<line>249</line>
<column><begin>10</begin><end>38</end></column>
</location>
<description>Take the true branch.</description>
<expr>num_regions &gt; r-&gt;num_regions</expr>
</event>

<event>
<index>107</index>
<type>Call</type>
<location>
<file>/home/ben/CAnalyze_volce/preprocess/cubature/hcubature.c</file>
<line>250</line>
<column><begin>4</begin><end>8</end></column>
</location>
<description>Call a function.</description>
<expr>free(r-&gt;pts)</expr>
<callee>
  <file>/usr/include/stdlib.h</file>
  <line>563</line>
</callee>
</event>

<event>
<index>108</index>
<type>Call</type>
<location>
<file>/home/ben/CAnalyze_volce/preprocess/cubature/hcubature.c</file>
<line>257</line>
<column><begin>24</begin><end>30</end></column>
</location>
<description>Call a function.</description>
<expr>malloc(sizeof(double) * (num_regions * r-&gt;num_points * (r-&gt;dim + r-&gt;fdim)))</expr>
<callee>
  <file>/usr/include/stdlib.h</file>
  <line>539</line>
</callee>
</event>

<event>
<index>109</index>
<type>Branch</type>
<location>
<file>/home/ben/CAnalyze_volce/preprocess/cubature/hcubature.c</file>
<line>260</line>
<column><begin>8</begin><end>28</end></column>
</location>
<description>Take the true branch.</description>
<expr>r-&gt;fdim + r-&gt;dim &gt; 0</expr>
</event>

<event>
<index>110</index>
<type>Branch</type>
<location>
<file>/home/ben/CAnalyze_volce/preprocess/cubature/hcubature.c</file>
<line>260</line>
<column><begin>8</begin><end>39</end></column>
</location>
<description>Take the true branch.</description>
<expr>r-&gt;fdim + r-&gt;dim &gt; 0 &amp;&amp; !r-&gt;pts</expr>
</event>

<event>
<index>111</index>
<type>InlineExit</type>
<location>
<file>/home/ben/CAnalyze_volce/preprocess/cubature/hcubature.c</file>
<line>265</line>
<column><begin>1</begin><end>2</end></column>
</location>
<description>Exit function.</description>
<expr>alloc_rule_pts(r_, nR)</expr>
</event>

<event>
<index>112</index>
<type>Branch</type>
<location>
<file>/home/ben/CAnalyze_volce/preprocess/cubature/hcubature.c</file>
<line>473</line>
<column><begin>10</begin><end>32</end></column>
</location>
<description>Take the true branch.</description>
<expr>alloc_rule_pts(r_, nR)</expr>
</event>

<event>
<index>113</index>
<type>InlineExit</type>
<location>
<file>/home/ben/CAnalyze_volce/preprocess/cubature/hcubature.c</file>
<line>577</line>
<column><begin>1</begin><end>2</end></column>
</location>
<description>Exit function.</description>
<expr>r-&gt;evalError(r, R-&gt;fdim, f, fdata, nR, R)</expr>
</event>

<event>
<index>114</index>
<type>Branch</type>
<location>
<file>/home/ben/CAnalyze_volce/preprocess/cubature/hcubature.c</file>
<line>290</line>
<column><begin>10</begin><end>51</end></column>
</location>
<description>Take the true branch.</description>
<expr>r-&gt;evalError(r, R-&gt;fdim, f, fdata, nR, R)</expr>
</event>

<event>
<index>115</index>
<type>InlineExit</type>
<location>
<file>/home/ben/CAnalyze_volce/preprocess/cubature/hcubature.c</file>
<line>294</line>
<column><begin>1</begin><end>2</end></column>
</location>
<description>Exit function.</description>
<expr>eval_regions(1, R, f, fdata, r)</expr>
</event>

<event>
<index>116</index>
<type>Branch</type>
<location>
<file>/home/ben/CAnalyze_volce/preprocess/cubature/hcubature.c</file>
<line>932</line>
<column><begin>10</begin><end>37</end></column>
</location>
<description>Take the true branch.</description>
<expr>!R[0].ee || eval_regions(1, R, f, fdata, r)</expr>
</event>

<event>
<index>117</index>
<type>Branch</type>
<location>
<file>/home/ben/CAnalyze_volce/preprocess/cubature/hcubature.c</file>
<line>932</line>
<column><begin>10</begin><end>31</end></column>
</location>
<description>Take the true branch.</description>
<expr>!R[0].ee || eval_regions(1, R, f, fdata, r) || heap_push(&amp;regions, R[0])</expr>
</event>

<event>
<index>118</index>
<type>Call</type>
<location>
<file>/home/ben/CAnalyze_volce/preprocess/cubature/hcubature.c</file>
<line>1017</line>
<column><begin>6</begin><end>10</end></column>
</location>
<description>Call a function.</description>
<expr>free(ee)</expr>
<callee>
  <file>/usr/include/stdlib.h</file>
  <line>563</line>
</callee>
</event>

<event>
<index>119</index>
<type>Call</type>
<location>
<file>/home/ben/CAnalyze_volce/preprocess/cubature/hcubature.c</file>
<line>1018</line>
<column><begin>6</begin><end>15</end></column>
</location>
<description>Call a function.</description>
<expr>heap_free(&amp;regions)</expr>
<callee>
  <file>/home/ben/CAnalyze_volce/preprocess/cubature/hcubature.c</file>
  <line>811</line>
</callee>
</event>

<event>
<index>120</index>
<type>InlineEnter</type>
<location>
<file>/home/ben/CAnalyze_volce/preprocess/cubature/hcubature.c</file>
<line>811</line>
<column><begin>13</begin><end>22</end></column>
</location>
<description>Enter function.</description>
<expr>heap_free(&amp;regions)</expr>
</event>

<event>
<index>121</index>
<type>Call</type>
<location>
<file>/home/ben/CAnalyze_volce/preprocess/cubature/hcubature.c</file>
<line>814</line>
<column><begin>6</begin><end>17</end></column>
</location>
<description>Call a function.</description>
<expr>heap_resize(h, 0)</expr>
<callee>
  <file>/home/ben/CAnalyze_volce/preprocess/cubature/hcubature.c</file>
  <line>782</line>
</callee>
</event>

<event>
<index>122</index>
<type>InlineEnter</type>
<location>
<file>/home/ben/CAnalyze_volce/preprocess/cubature/hcubature.c</file>
<line>782</line>
<column><begin>13</begin><end>24</end></column>
</location>
<description>Enter function.</description>
<expr>heap_resize(h, 0)</expr>
</event>

<event>
<index>123</index>
<type>Branch</type>
<location>
<file>/home/ben/CAnalyze_volce/preprocess/cubature/hcubature.c</file>
<line>785</line>
<column><begin>10</begin><end>16</end></column>
</location>
<description>Take the false branch.</description>
<expr>nalloc</expr>
</event>

<event>
<index>124</index>
<type>Call</type>
<location>
<file>/home/ben/CAnalyze_volce/preprocess/cubature/hcubature.c</file>
<line>789</line>
<column><begin>10</begin><end>14</end></column>
</location>
<description>Call a function.</description>
<expr>free(h-&gt;items)</expr>
<callee>
  <file>/usr/include/stdlib.h</file>
  <line>563</line>
</callee>
</event>

<event>
<index>125</index>
<type>InlineExit</type>
<location>
<file>/home/ben/CAnalyze_volce/preprocess/cubature/hcubature.c</file>
<line>792</line>
<column><begin>1</begin><end>2</end></column>
</location>
<description>Exit function.</description>
<expr>heap_resize(h, 0)</expr>
</event>

<event>
<index>126</index>
<type>Call</type>
<location>
<file>/home/ben/CAnalyze_volce/preprocess/cubature/hcubature.c</file>
<line>816</line>
<column><begin>6</begin><end>10</end></column>
</location>
<description>Call a function.</description>
<expr>free(h-&gt;ee)</expr>
<callee>
  <file>/usr/include/stdlib.h</file>
  <line>563</line>
</callee>
</event>

<event>
<index>127</index>
<type>InlineExit</type>
<location>
<file>/home/ben/CAnalyze_volce/preprocess/cubature/hcubature.c</file>
<line>817</line>
<column><begin>1</begin><end>2</end></column>
</location>
<description>Exit function.</description>
<expr>heap_free(&amp;regions)</expr>
</event>

<event>
<index>128</index>
<type>Call</type>
<location>
<file>/home/ben/CAnalyze_volce/preprocess/cubature/hcubature.c</file>
<line>1019</line>
<column><begin>6</begin><end>10</end></column>
</location>
<description>Call a function.</description>
<expr>free(R)</expr>
<callee>
  <file>/usr/include/stdlib.h</file>
  <line>563</line>
</callee>
</event>

<event>
<index>129</index>
<type>InlineExit</type>
<location>
<file>/home/ben/CAnalyze_volce/preprocess/cubature/hcubature.c</file>
<line>1021</line>
<column><begin>1</begin><end>2</end></column>
</location>
<description>Exit function.</description>
<expr>rulecubature(r, fdim, f, fdata, &amp;h, maxEval, reqAbsError, reqRelError, norm, val, err, parallel)</expr>
</event>

<event>
<index>130</index>
<type>Call</type>
<location>
<file>/home/ben/CAnalyze_volce/preprocess/cubature/hcubature.c</file>
<line>1054</line>
<column><begin>6</begin><end>23</end></column>
</location>
<description>Call a function.</description>
<expr>destroy_hypercube(&amp;h)</expr>
<callee>
  <file>/home/ben/CAnalyze_volce/preprocess/cubature/hcubature.c</file>
  <line>174</line>
</callee>
</event>

<event>
<index>131</index>
<type>InlineEnter</type>
<location>
<file>/home/ben/CAnalyze_volce/preprocess/cubature/hcubature.c</file>
<line>174</line>
<column><begin>13</begin><end>30</end></column>
</location>
<description>Enter function.</description>
<expr>destroy_hypercube(&amp;h)</expr>
</event>

<event>
<index>132</index>
<type>Call</type>
<location>
<file>/home/ben/CAnalyze_volce/preprocess/cubature/hcubature.c</file>
<line>176</line>
<column><begin>6</begin><end>10</end></column>
</location>
<description>Call a function.</description>
<expr>free(h-&gt;data)</expr>
<callee>
  <file>/usr/include/stdlib.h</file>
  <line>563</line>
</callee>
</event>

<event>
<index>133</index>
<type>InlineExit</type>
<location>
<file>/home/ben/CAnalyze_volce/preprocess/cubature/hcubature.c</file>
<line>178</line>
<column><begin>1</begin><end>2</end></column>
</location>
<description>Exit function.</description>
<expr>destroy_hypercube(&amp;h)</expr>
</event>

<event>
<index>134</index>
<type>Call</type>
<location>
<file>/home/ben/CAnalyze_volce/preprocess/cubature/hcubature.c</file>
<line>1055</line>
<column><begin>6</begin><end>18</end></column>
</location>
<description>Call a function.</description>
<expr>destroy_rule(r)</expr>
<callee>
  <file>/home/ben/CAnalyze_volce/preprocess/cubature/hcubature.c</file>
  <line>238</line>
</callee>
</event>

<event>
<index>135</index>
<type>InlineEnter</type>
<location>
<file>/home/ben/CAnalyze_volce/preprocess/cubature/hcubature.c</file>
<line>238</line>
<column><begin>13</begin><end>25</end></column>
</location>
<description>Enter function.</description>
<expr>destroy_rule(r)</expr>
</event>

<event>
<index>136</index>
<type>Branch</type>
<location>
<file>/home/ben/CAnalyze_volce/preprocess/cubature/hcubature.c</file>
<line>240</line>
<column><begin>10</begin><end>11</end></column>
</location>
<description>Take the true branch.</description>
<expr>r</expr>
</event>

<event>
<index>137</index>
<type>Branch</type>
<location>
<file>/home/ben/CAnalyze_volce/preprocess/cubature/hcubature.c</file>
<line>241</line>
<column><begin>8</begin><end>18</end></column>
</location>
<description>Take the true branch.</description>
<expr>r-&gt;destroy</expr>
</event>

<event>
<index>138</index>
<type>Call</type>
<location>
<file>/home/ben/CAnalyze_volce/preprocess/cubature/hcubature.c</file>
<line>241</line>
<column><begin>20</begin><end>21</end></column>
</location>
<description>Call a function.</description>
<expr>r-&gt;destroy(r)</expr>
<callee>
  <file>/home/ben/CAnalyze_volce/preprocess/cubature/hcubature.c</file>
  <line>450</line>
</callee>
</event>

<event>
<index>139</index>
<type>InlineEnter</type>
<location>
<file>/home/ben/CAnalyze_volce/preprocess/cubature/hcubature.c</file>
<line>450</line>
<column><begin>13</begin><end>36</end></column>
</location>
<description>Enter function.</description>
<expr>r-&gt;destroy(r)</expr>
</event>

<event>
<index>140</index>
<type>Call</type>
<location>
<file>/home/ben/CAnalyze_volce/preprocess/cubature/hcubature.c</file>
<line>453</line>
<column><begin>6</begin><end>10</end></column>
</location>
<description>Call a function.</description>
<expr>free(r-&gt;p)</expr>
<callee>
  <file>/usr/include/stdlib.h</file>
  <line>563</line>
</callee>
</event>

<event>
<index>141</index>
<type>InlineExit</type>
<location>
<file>/home/ben/CAnalyze_volce/preprocess/cubature/hcubature.c</file>
<line>454</line>
<column><begin>1</begin><end>2</end></column>
</location>
<description>Exit function.</description>
<expr>r-&gt;destroy(r)</expr>
</event>

<event>
<index>142</index>
<type>Call</type>
<location>
<file>/home/ben/CAnalyze_volce/preprocess/cubature/hcubature.c</file>
<line>242</line>
<column><begin>4</begin><end>8</end></column>
</location>
<description>Call a function.</description>
<expr>free(r-&gt;pts)</expr>
<callee>
  <file>/usr/include/stdlib.h</file>
  <line>563</line>
</callee>
</event>

<event>
<index>143</index>
<type>Call</type>
<location>
<file>/home/ben/CAnalyze_volce/preprocess/cubature/hcubature.c</file>
<line>243</line>
<column><begin>4</begin><end>8</end></column>
</location>
<description>Call a function.</description>
<expr>free(r)</expr>
<callee>
  <file>/usr/include/stdlib.h</file>
  <line>563</line>
</callee>
</event>

<event>
<index>144</index>
<type>InlineExit</type>
<location>
<file>/home/ben/CAnalyze_volce/preprocess/cubature/hcubature.c</file>
<line>245</line>
<column><begin>1</begin><end>2</end></column>
</location>
<description>Exit function.</description>
<expr>destroy_rule(r)</expr>
</event>

<event>
<index>145</index>
<type>Trigger</type>
<location>
<file>/home/ben/CAnalyze_volce/preprocess/cubature/hcubature.c</file>
<line>194</line>
<column><begin>35</begin><end>64</end></column>
</location>
<description>Memory allocated in heap space is not freed.</description>
<expr>malloc(sizeof(esterr) * fdim)</expr>
</event>

</bugreport>

